"_id","Al","B","C","Co","Cr","Hf","La","Mn","Mo","Ni","Re","Si","Ta","Ti","W","Y","Zr","冷轧/厚度","力学性能/蠕变寿命","均匀化退火/均匀化退火时间","均匀化退火/均匀化退火温度","备注","孔洞尺寸/孔洞尺寸","孔洞数量/孔洞数量","摘录出处","数据DOI","数据审核者","数据来源方式","数据生产者","数据采集时间","时效/时效时间","时效/时效温度","最终退火/最终退火温度","服役因素/服役因素","材料牌号","热处理1/时间","热处理1/温度","热处理2/时间","热处理2/温度","热处理3/时间","热处理3/温度","热等静压/压强","热等静压/时间","热等静压/温度","热等静压/直径","空气冷却/空冷","蠕变实验/蠕变压力","蠕变实验/蠕变温度","蠕变断裂测试/拉力","蠕变断裂测试/温度","蠕变测试/γ相初期大小","蠕变测试/体积分数(γ΄)","蠕变测试/变形量","蠕变测试/应力","蠕变测试/测试应力","蠕变测试/测试温度","蠕变测试/温度","蠕变测试/降温速率(2250-2000oF)","轧制/轧制厚度","轧制/轧制温度","铸锭/铸锭直径","铸锭/铸锭重量","锻造/锻造厚度减少量","锻造（空冷）/锻造温度"
"ObjectId(""5b4c95b7e6b1a81674aab5e7"")","3.4","0.015","0.09","9.0","12.6",,,,"2.0","61wt.%",,,"4.0","4.1","4.0",,"0.11",,"103.8h",,,"",,,"B.A. Ewing, Green K A. Polycrystalline Grain Controlled Castings for Rotating Compressor and Turbine Components[C]// Superalloys. 1984:33-42.","10.11961/mater0203.MGI.20171221.ds.0072","尹海清","摘录","张柳","2018-01-09",,,,,"MOD 5A",,,,,,,,,,,,,,"95ksi","1400 ℉",,,,,,,,,,,,,,
"ObjectId(""5b4c964be6b1a81674aab61f"")","3.4","0.015","0.09","9.0","12.6",,,,"2.0","61wt.%",,,"4.0","4.1","4.0",,"0.11",,"23.3h",,,"",,,"B.A. Ewing, Green K A. Polycrystalline Grain Controlled Castings for Rotating Compressor and Turbine Components[C]// Superalloys. 1984:33-42.","10.11961/mater0203.MGI.20171221.ds.0072","尹海清","摘录","张柳","2018-01-09",,,,,"MOD 5A",,,,,,,,,,,,,,"95ksi","1400 ℉",,,,,,,,,,,,,,
"ObjectId(""5b4caa91e6b1a81674aabdc3"")","6","0.015","0.l","10","6.5wt.%","1.5",,,"1.7","Balance","3",,"4","0","6.5",,"0.l",,"80.1148h",,,"",,,"Cetel A D, Duhl D N. Second Generation Columnar Grain Nickel-Base Superalloy[J]. 1992.","10.11961/mater0203.MGI.20171221.ds.0035","张瑞杰","摘录","黄淋","2018-01-09",,,,,"PWA1426","4h","2240oF","4h","1975oF","12h","1600oF",,,,,,,,,,"0.427007μ",,,"36Ksi",,,"1800oF",,,,,,,
"ObjectId(""5b4caaa0e6b1a81674aabdc9"")","6","0.015","0.l","10","6.5wt.%","1.5",,,"1.7","Balance","3",,"4","0","6.5",,"0.l",,"75.4224h",,,"",,,"Cetel A D, Duhl D N. Second Generation Columnar Grain Nickel-Base Superalloy[J]. 1992.","10.11961/mater0203.MGI.20171221.ds.0035","张瑞杰","摘录","黄淋","2018-01-09",,,,,"PWA1426","4h","2240oF","4h","1975oF","12h","1600oF",,,,,,,,,,"0.426849μ",,,"36Ksi",,,"1800oF",,,,,,,
"ObjectId(""5b4caaa5e6b1a81674aabdcb"")","6","0.015","0.l","10","6.5wt.%","1.5",,,"1.7","Balance","3",,"4","0","6.5",,"0.l",,"70.7821h",,,"",,,"Cetel A D, Duhl D N. Second Generation Columnar Grain Nickel-Base Superalloy[J]. 1992.","10.11961/mater0203.MGI.20171221.ds.0035","张瑞杰","摘录","黄淋","2018-01-09",,,,,"PWA1426","4h","2240oF","4h","1975oF","12h","1600oF",,,,,,,,,,"0.400026μ",,,"36Ksi",,,"1800oF",,,,,,,
"ObjectId(""5b4caaaae6b1a81674aabdcd"")","6","0.015","0.l","10","6.5wt.%","1.5",,,"1.7","Balance","3",,"4","0","6.5",,"0.l",,"87.1534h",,,"",,,"Cetel A D, Duhl D N. Second Generation Columnar Grain Nickel-Base Superalloy[J]. 1992.","10.11961/mater0203.MGI.20171221.ds.0035","张瑞杰","摘录","黄淋","2018-01-09",,,,,"PWA1426","4h","2240oF","4h","1975oF","12h","1600oF",,,,,,,,,,"0.427243μ",,,"36Ksi",,,"1800oF",,,,,,,
"ObjectId(""5b4caab4e6b1a81674aabdd1"")","6","0.015","0.l","10","6.5wt.%","1.5",,,"1.7","Balance","3",,"4","0","6.5",,"0.l",,"58.2199h",,,"",,,"Cetel A D, Duhl D N. Second Generation Columnar Grain Nickel-Base Superalloy[J]. 1992.","10.11961/mater0203.MGI.20171221.ds.0035","张瑞杰","摘录","黄淋","2018-01-09",,,,,"PWA1426","4h","2240oF","4h","1975oF","12h","1600oF",,,,,,,,,,"0.424702μ",,,"36Ksi",,,"1800oF",,,,,,,
"ObjectId(""5b4caabde6b1a81674aabdd5"")","6","0.015","0.l","10","6.5wt.%","1.5",,,"1.7","Balance","3",,"4","0","6.5",,"0.l",,"31.519h",,,"",,,"Cetel A D, Duhl D N. Second Generation Columnar Grain Nickel-Base Superalloy[J]. 1992.","10.11961/mater0203.MGI.20171221.ds.0035","张瑞杰","摘录","黄淋","2018-01-09",,,,,"PWA1426","4h","2240oF","4h","1975oF","12h","1600oF",,,,,,,,,,"0.480275μ",,,"36Ksi",,,"1800oF",,,,,,,
"ObjectId(""5b4caac2e6b1a81674aabdd7"")","6","0.015","0.l","10","6.5wt.%","1.5",,,"1.7","Balance","3",,"4","0","6.5",,"0.l",,"40.9131h",,,"",,,"Cetel A D, Duhl D N. Second Generation Columnar Grain Nickel-Base Superalloy[J]. 1992.","10.11961/mater0203.MGI.20171221.ds.0035","张瑞杰","摘录","黄淋","2018-01-09",,,,,"PWA1426","4h","2240oF","4h","1975oF","12h","1600oF",,,,,,,,,,"0.475885μ",,,"36Ksi",,,"1800oF",,,,,,,
"ObjectId(""5b4caacce6b1a81674aabddb"")","6","0.015","0.l","10","6.5wt.%","1.5",,,"1.7","Balance","3",,"4","0","6.5",,"0.l",,"55.1345h",,,"",,,"Cetel A D, Duhl D N. Second Generation Columnar Grain Nickel-Base Superalloy[J]. 1992.","10.11961/mater0203.MGI.20171221.ds.0035","张瑞杰","摘录","黄淋","2018-01-09",,,,,"PWA1426","4h","2240oF","4h","1975oF","12h","1600oF",,,,,,,,,,"0.402638μ",,,"36Ksi",,,"1800oF",,,,,,,
"ObjectId(""5b4caad6e6b1a81674aabddd"")","6","0.015","0.l","10","6.5wt.%","1.5",,,"1.7","Balance","3",,"4","0","6.5",,"0.l",,"96.4874h",,,"",,,"Cetel A D, Duhl D N. Second Generation Columnar Grain Nickel-Base Superalloy[J]. 1992.","10.11961/mater0203.MGI.20171221.ds.0035","张瑞杰","摘录","黄淋","2018-01-09",,,,,"PWA1426","4h","2240oF","4h","1975oF","12h","1600oF",,,,,,,,,,"0.423827μ",,,"110Ksi",,,"1400oF",,,,,,,
"ObjectId(""5b4caadbe6b1a81674aabddf"")","6","0.015","0.l","10","6.5wt.%","1.5",,,"1.7","Balance","3",,"4","0","6.5",,"0.l",,"133.404h",,,"",,,"Cetel A D, Duhl D N. Second Generation Columnar Grain Nickel-Base Superalloy[J]. 1992.","10.11961/mater0203.MGI.20171221.ds.0035","张瑞杰","摘录","黄淋","2018-01-09",,,,,"PWA1426","4h","2240oF","4h","1975oF","12h","1600oF",,,,,,,,,,"0.403504μ",,,"110Ksi",,,"1400oF",,,,,,,
"ObjectId(""5b4caae0e6b1a81674aabde1"")","6","0.015","0.l","10","6.5wt.%","1.5",,,"1.7","Balance","3",,"4","0","6.5",,"0.l",,"167.987h",,,"",,,"Cetel A D, Duhl D N. Second Generation Columnar Grain Nickel-Base Superalloy[J]. 1992.","10.11961/mater0203.MGI.20171221.ds.0035","张瑞杰","摘录","黄淋","2018-01-09",,,,,"PWA1426","4h","2240oF","4h","1975oF","12h","1600oF",,,,,,,,,,"0.427859μ",,,"110Ksi",,,"1400oF",,,,,,,
"ObjectId(""5b4caae8e6b1a81674aabde3"")","6","0.015","0.l","10","6.5wt.%","1.5",,,"1.7","Balance","3",,"4","0","6.5",,"0.l",,"93.5834h",,,"",,,"Cetel A D, Duhl D N. Second Generation Columnar Grain Nickel-Base Superalloy[J]. 1992.","10.11961/mater0203.MGI.20171221.ds.0035","张瑞杰","摘录","黄淋","2018-01-09",,,,,"PWA1426","4h","2240oF","4h","1975oF","12h","1600oF",,,,,,,,,,"0.223353μ",,,"110Ksi",,,"1400oF",,,,,,,
"ObjectId(""5b4caaece6b1a81674aabde5"")","6","0.015","0.l","10","6.5wt.%","1.5",,,"1.7","Balance","3",,"4","0","6.5",,"0.l",,"111.464h",,,"",,,"Cetel A D, Duhl D N. Second Generation Columnar Grain Nickel-Base Superalloy[J]. 1992.","10.11961/mater0203.MGI.20171221.ds.0035","张瑞杰","摘录","黄淋","2018-01-09",,,,,"PWA1426","4h","2240oF","4h","1975oF","12h","1600oF",,,,,,,,,,"0.22193μ",,,"110Ksi",,,"1400oF",,,,,,,
"ObjectId(""5b4caaf1e6b1a81674aabde7"")","6","0.015","0.l","10","6.5wt.%","1.5",,,"1.7","Balance","3",,"4","0","6.5",,"0.l",,"113.19h",,,"",,,"Cetel A D, Duhl D N. Second Generation Columnar Grain Nickel-Base Superalloy[J]. 1992.","10.11961/mater0203.MGI.20171221.ds.0035","张瑞杰","摘录","黄淋","2018-01-09",,,,,"PWA1426","4h","2240oF","4h","1975oF","12h","1600oF",,,,,,,,,,"0.449607μ",,,"110Ksi",,,"1400oF",,,,,,,
"ObjectId(""5b4caaf6e6b1a81674aabde9"")","6","0.015","0.l","10","6.5wt.%","1.5",,,"1.7","Balance","3",,"4","0","6.5",,"0.l",,"28.2224h",,,"",,,"Cetel A D, Duhl D N. Second Generation Columnar Grain Nickel-Base Superalloy[J]. 1992.","10.11961/mater0203.MGI.20171221.ds.0035","张瑞杰","摘录","黄淋","2018-01-09",,,,,"PWA1426","4h","2240oF","4h","1975oF","12h","1600oF",,,,,,,,,,"0.472419μ",,,"110Ksi",,,"1400oF",,,,,,,
"ObjectId(""5b4caafbe6b1a81674aabdeb"")","6","0.015","0.l","10","6.5wt.%","1.5",,,"1.7","Balance","3",,"4","0","6.5",,"0.l",,"76.2596h",,,"",,,"Cetel A D, Duhl D N. Second Generation Columnar Grain Nickel-Base Superalloy[J]. 1992.","10.11961/mater0203.MGI.20171221.ds.0035","张瑞杰","摘录","黄淋","2018-01-09",,,,,"PWA1426","4h","2240oF","4h","1975oF","12h","1600oF",,,,,,,,,,"0.475766μ",,,"110Ksi",,,"1400oF",,,,,,,
"ObjectId(""5b4cab00e6b1a81674aabded"")","6","0.015","0.l","10","6.5wt.%","1.5",,,"1.7","Balance","3",,"4","0","6.5",,"0.l",,"151.18h",,,"",,,"Cetel A D, Duhl D N. Second Generation Columnar Grain Nickel-Base Superalloy[J]. 1992.","10.11961/mater0203.MGI.20171221.ds.0035","张瑞杰","摘录","黄淋","2018-01-09",,,,,"PWA1426","4h","2240oF","4h","1975oF","12h","1600oF",,,,,,,,,,"0.44877μ",,,"110Ksi",,,"1400oF",,,,,,,
"ObjectId(""5b4cab05e6b1a81674aabdef"")","6","0.015","0.l","10","6.5wt.%","1.5",,,"1.7","Balance","3",,"4","0","6.5",,"0.l",,"120.002h",,,"",,,"Cetel A D, Duhl D N. Second Generation Columnar Grain Nickel-Base Superalloy[J]. 1992.","10.11961/mater0203.MGI.20171221.ds.0035","张瑞杰","摘录","黄淋","2018-01-09",,,,,"PWA1426","4h","2240oF","4h","1975oF","12h","1600oF",,,,,,,,,,"0.401167μ",,,"110Ksi",,,"1400oF",,,,,,,
"ObjectId(""5b4cab0ae6b1a81674aabdf1"")","6","0.015","0.l","10","6.5wt.%","1.5",,,"1.7","Balance","3",,"4","0","6.5",,"0.l",,"62.9614h",,,"",,,"Cetel A D, Duhl D N. Second Generation Columnar Grain Nickel-Base Superalloy[J]. 1992.","10.11961/mater0203.MGI.20171221.ds.0035","张瑞杰","摘录","黄淋","2018-01-09",,,,,"PWA1426","4h","2240oF","4h","1975oF","12h","1600oF",,,,,,,,,,"0.399763μ",,,"36Ksi",,,"1800oF",,,,,,,
"ObjectId(""5b4cab0fe6b1a81674aabdf3"")","6","0.015","0.l","10","6.5wt.%","1.5",,,"1.7","Balance","3",,"4","0","6.5",,"0.l",,"153.745h",,,"",,,"Cetel A D, Duhl D N. Second Generation Columnar Grain Nickel-Base Superalloy[J]. 1992.","10.11961/mater0203.MGI.20171221.ds.0035","张瑞杰","摘录","黄淋","2018-01-09",,,,,"PWA1426","4h","2240oF","4h","1975oF","12h","1600oF",,,,,,,,,,"0.300985μ",,,"110Ksi",,,"1400oF",,,,,,,
"ObjectId(""5b4cab14e6b1a81674aabdf5"")","6","0.015","0.l","10","6.5wt.%","1.5",,,"1.7","Balance","3",,"4","0","6.5",,"0.l",,"147.042h",,,"",,,"Cetel A D, Duhl D N. Second Generation Columnar Grain Nickel-Base Superalloy[J]. 1992.","10.11961/mater0203.MGI.20171221.ds.0035","张瑞杰","摘录","黄淋","2018-01-09",,,,,"PWA1426","4h","2240oF","4h","1975oF","12h","1600oF",,,,,,,,,,"0.300789μ",,,"110Ksi",,,"1400oF",,,,,,,
"ObjectId(""5b4cab18e6b1a81674aabdf7"")","6","0.015","0.l","10","6.5wt.%","1.5",,,"1.7","Balance","3",,"4","0","6.5",,"0.l",,"108.518h",,,"",,,"Cetel A D, Duhl D N. Second Generation Columnar Grain Nickel-Base Superalloy[J]. 1992.","10.11961/mater0203.MGI.20171221.ds.0035","张瑞杰","摘录","黄淋","2018-01-09",,,,,"PWA1426","4h","2240oF","4h","1975oF","12h","1600oF",,,,,,,,,,"0.300903μ",,,"36Ksi",,,"1800oF",,,,,,,
"ObjectId(""5b4cab1de6b1a81674aabdf9"")","6","0.015","0.l","10","6.5wt.%","1.5",,,"1.7","Balance","3",,"4","0","6.5",,"0.l",,"85.7365h",,,"",,,"Cetel A D, Duhl D N. Second Generation Columnar Grain Nickel-Base Superalloy[J]. 1992.","10.11961/mater0203.MGI.20171221.ds.0035","张瑞杰","摘录","黄淋","2018-01-09",,,,,"PWA1426","4h","2240oF","4h","1975oF","12h","1600oF",,,,,,,,,,"0.351902μ",,,"36Ksi",,,"1800oF",,,,,,,
"ObjectId(""5b4cab28e6b1a81674aabdfb"")","6","0.015","0.l","10","6.5wt.%","1.5",,,"1.7","Balance","3",,"4","0","6.5",,"0.l",,"155.041h",,,"",,,"Cetel A D, Duhl D N. Second Generation Columnar Grain Nickel-Base Superalloy[J]. 1992.","10.11961/mater0203.MGI.20171221.ds.0035","张瑞杰","摘录","黄淋","2018-01-09",,,,,"PWA1426","4h","2240oF","4h","1975oF","12h","1600oF",,,,,,,,,,"0.221256μ",,,"110Ksi",,,"1400oF",,,,,,,
"ObjectId(""5b4cab2de6b1a81674aabdfd"")","6","0.015","0.l","10","6.5wt.%","1.5",,,"1.7","Balance","3",,"4","0","6.5",,"0.l",,"148.677h",,,"",,,"Cetel A D, Duhl D N. Second Generation Columnar Grain Nickel-Base Superalloy[J]. 1992.","10.11961/mater0203.MGI.20171221.ds.0035","张瑞杰","摘录","黄淋","2018-01-09",,,,,"PWA1426","4h","2240oF","4h","1975oF","12h","1600oF",,,,,,,,,,,,,"70Ksi",,,"1600oF","236.01oF/Minute",,,,,,
"ObjectId(""5b4cab32e6b1a81674aabdff"")","6","0.015","0.l","10","6.5wt.%","1.5",,,"1.7","Balance","3",,"4","0","6.5",,"0.l",,"75.673h",,,"",,,"Cetel A D, Duhl D N. Second Generation Columnar Grain Nickel-Base Superalloy[J]. 1992.","10.11961/mater0203.MGI.20171221.ds.0035","张瑞杰","摘录","黄淋","2018-01-09",,,,,"PWA1426","4h","2240oF","4h","1975oF","12h","1600oF",,,,,,,,,,,,,"36186.172Ksi",,,"1800oF","oF/Minute",,,,,,
"ObjectId(""5b4cab36e6b1a81674aabe01"")","6","0.015","0.l","10","6.5wt.%","1.5",,,"1.7","Balance","3",,"4","0","6.5",,"0.l",,"156.614h",,,"",,,"Cetel A D, Duhl D N. Second Generation Columnar Grain Nickel-Base Superalloy[J]. 1992.","10.11961/mater0203.MGI.20171221.ds.0035","张瑞杰","摘录","黄淋","2018-01-09",,,,,"PWA1426","4h","2240oF","4h","1975oF","12h","1600oF",,,,,,,,,,,,,"70Ksi",,,"1600oF","264.068oF/Minute",,,,,,
"ObjectId(""5b4cab3ce6b1a81674aabe03"")","6","0.015","0.l","10","6.5wt.%","1.5",,,"1.7","Balance","3",,"4","0","6.5",,"0.l",,"54.6196h",,,"",,,"Cetel A D, Duhl D N. Second Generation Columnar Grain Nickel-Base Superalloy[J]. 1992.","10.11961/mater0203.MGI.20171221.ds.0035","张瑞杰","摘录","黄淋","2018-01-09",,,,,"PWA1426","4h","2240oF","4h","1975oF","12h","1600oF",,,,,,,,,,,,,"36188.832Ksi",,,"1800oF","oF/Minute",,,,,,
"ObjectId(""5b4cab41e6b1a81674aabe05"")","6","0.015","0.l","10","6.5wt.%","1.5",,,"1.7","Balance","3",,"4","0","6.5",,"0.l",,"63.5974h",,,"",,,"Cetel A D, Duhl D N. Second Generation Columnar Grain Nickel-Base Superalloy[J]. 1992.","10.11961/mater0203.MGI.20171221.ds.0035","张瑞杰","摘录","黄淋","2018-01-09",,,,,"PWA1426","4h","2240oF","4h","1975oF","12h","1600oF",,,,,,,,,,,,,"36240.422Ksi",,,"1800oF","oF/Minute",,,,,,
"ObjectId(""5b4cab46e6b1a81674aabe07"")","6","0.015","0.l","10","6.5wt.%","1.5",,,"1.7","Balance","3",,"4","0","6.5",,"0.l",,"35.3559h",,,"",,,"Cetel A D, Duhl D N. Second Generation Columnar Grain Nickel-Base Superalloy[J]. 1992.","10.11961/mater0203.MGI.20171221.ds.0035","张瑞杰","摘录","黄淋","2018-01-09",,,,,"PWA1426","4h","2240oF","4h","1975oF","12h","1600oF",,,,,,,,,,,,,"3650.339Ksi",,,"1800oF","oF/Minute",,,,,,
"ObjectId(""5b4cab4be6b1a81674aabe09"")","6","0.015","0.l","10","6.5wt.%","1.5",,,"1.7","Balance","3",,"4","0","6.5",,"0.l",,"89.1426h",,,"",,,"Cetel A D, Duhl D N. Second Generation Columnar Grain Nickel-Base Superalloy[J]. 1992.","10.11961/mater0203.MGI.20171221.ds.0035","张瑞杰","摘录","黄淋","2018-01-09",,,,,"PWA1426","4h","2240oF","4h","1975oF","12h","1600oF",,,,,,,,,,,,,"36189.293Ksi",,,"1800oF","oF/Minute",,,,,,
"ObjectId(""5b4cab50e6b1a81674aabe0b"")","6","0.015","0.l","10","6.5wt.%","1.5",,,"1.7","Balance","3",,"4","0","6.5",,"0.l",,"188.36h",,,"",,,"Cetel A D, Duhl D N. Second Generation Columnar Grain Nickel-Base Superalloy[J]. 1992.","10.11961/mater0203.MGI.20171221.ds.0035","张瑞杰","摘录","黄淋","2018-01-09",,,,,"PWA1426","4h","2240oF","4h","1975oF","12h","1600oF",,,,,,,,,,,,,"70Ksi",,,"1600oF","301.299oF/Minute",,,,,,
"ObjectId(""5b4cab55e6b1a81674aabe0d"")","6","0.015","0.l","10","6.5wt.%","1.5",,,"1.7","Balance","3",,"4","0","6.5",,"0.l",,"60.0866h",,,"",,,"Cetel A D, Duhl D N. Second Generation Columnar Grain Nickel-Base Superalloy[J]. 1992.","10.11961/mater0203.MGI.20171221.ds.0035","张瑞杰","摘录","黄淋","2018-01-09",,,,,"PWA1426","4h","2240oF","4h","1975oF","12h","1600oF",,,,,,,,,,,,,"36240.375Ksi",,,"1800oF","oF/Minute",,,,,,
"ObjectId(""5b4cab5ae6b1a81674aabe0f"")","6","0.015","0.l","10","6.5wt.%","1.5",,,"1.7","Balance","3",,"4","0","6.5",,"0.l",,"57.1666h",,,"",,,"Cetel A D, Duhl D N. Second Generation Columnar Grain Nickel-Base Superalloy[J]. 1992.","10.11961/mater0203.MGI.20171221.ds.0035","张瑞杰","摘录","黄淋","2018-01-09",,,,,"PWA1426","4h","2240oF","4h","1975oF","12h","1600oF",,,,,,,,,,,,,"36241.807Ksi",,,"1800oF","oF/Minute",,,,,,
"ObjectId(""5b4cab5fe6b1a81674aabe11"")","6","0.015","0.l","10","6.5wt.%","1.5",,,"1.7","Balance","3",,"4","0","6.5",,"0.l",,"98.9936h",,,"",,,"Cetel A D, Duhl D N. Second Generation Columnar Grain Nickel-Base Superalloy[J]. 1992.","10.11961/mater0203.MGI.20171221.ds.0035","张瑞杰","摘录","黄淋","2018-01-09",,,,,"PWA1426","4h","2240oF","4h","1975oF","12h","1600oF",,,,,,,,,,,,,"110Ksi",,,"1400oF","300.507oF/Minute",,,,,,
"ObjectId(""5b4cab64e6b1a81674aabe13"")","6","0.015","0.l","10","6.5wt.%","1.5",,,"1.7","Balance","3",,"4","0","6.5",,"0.l",,"143.915h",,,"",,,"Cetel A D, Duhl D N. Second Generation Columnar Grain Nickel-Base Superalloy[J]. 1992.","10.11961/mater0203.MGI.20171221.ds.0035","张瑞杰","摘录","黄淋","2018-01-09",,,,,"PWA1426","4h","2240oF","4h","1975oF","12h","1600oF",,,,,,,,,,,,,"70Ksi",,,"1600oF","49.1752oF/Minute",,,,,,
"ObjectId(""5b4cab68e6b1a81674aabe15"")","6","0.015","0.l","10","6.5wt.%","1.5",,,"1.7","Balance","3",,"4","0","6.5",,"0.l",,"189.947h",,,"",,,"Cetel A D, Duhl D N. Second Generation Columnar Grain Nickel-Base Superalloy[J]. 1992.","10.11961/mater0203.MGI.20171221.ds.0035","张瑞杰","摘录","黄淋","2018-01-09",,,,,"PWA1426","4h","2240oF","4h","1975oF","12h","1600oF",,,,,,,,,,,,,"70Ksi",,,"1600oF","189.558oF/Minute",,,,,,
"ObjectId(""5b4cab6de6b1a81674aabe17"")","6","0.015","0.l","10","6.5wt.%","1.5",,,"1.7","Balance","3",,"4","0","6.5",,"0.l",,"24.8292h",,,"",,,"Cetel A D, Duhl D N. Second Generation Columnar Grain Nickel-Base Superalloy[J]. 1992.","10.11961/mater0203.MGI.20171221.ds.0035","张瑞杰","摘录","黄淋","2018-01-09",,,,,"PWA1426","4h","2240oF","4h","1975oF","12h","1600oF",,,,,,,,,,,,,"3651.6688Ksi",,,"1800oF","oF/Minute",,,,,,
"ObjectId(""5b4cab81e6b1a81674aabe1d"")","6","0.015","0.l","10","6.5wt.%","1.5",,,"1.7","Balance","3",,"4","0","6.5",,"0.l",,"25.8959h",,,"",,,"Cetel A D, Duhl D N. Second Generation Columnar Grain Nickel-Base Superalloy[J]. 1992.","10.11961/mater0203.MGI.20171221.ds.0035","张瑞杰","摘录","黄淋","2018-01-09",,,,,"PWA1426","4h","2240oF","4h","1975oF","12h","1600oF",,,,,,,,,,,,,"110Ksi",,,"1400oF","29.8127oF/Minute",,,,,,
"ObjectId(""5b4cab86e6b1a81674aabe1f"")","6","0.015","0.l","10","6.5wt.%","1.5",,,"1.7","Balance","3",,"4","0","6.5",,"0.l",,"137.996h",,,"",,,"Cetel A D, Duhl D N. Second Generation Columnar Grain Nickel-Base Superalloy[J]. 1992.","10.11961/mater0203.MGI.20171221.ds.0035","张瑞杰","摘录","黄淋","2018-01-09",,,,,"PWA1426","4h","2240oF","4h","1975oF","12h","1600oF",,,,,,,,,,,,,"110Ksi",,,"1400oF","299.805oF/Minute",,,,,,
"ObjectId(""5b4cab8be6b1a81674aabe21"")","6","0.015","0.l","10","6.5wt.%","1.5",,,"1.7","Balance","3",,"4","0","6.5",,"0.l",,"152.385h",,,"",,,"Cetel A D, Duhl D N. Second Generation Columnar Grain Nickel-Base Superalloy[J]. 1992.","10.11961/mater0203.MGI.20171221.ds.0035","张瑞杰","摘录","黄淋","2018-01-09",,,,,"PWA1426","4h","2240oF","4h","1975oF","12h","1600oF",,,,,,,,,,,,,"110Ksi",,,"1400oF","183.012oF/Minute",,,,,,
"ObjectId(""5b4cab90e6b1a81674aabe23"")","6","0.015","0.l","10","6.5wt.%","1.5",,,"1.7","Balance","3",,"4","0","6.5",,"0.l",,"141.132h",,,"",,,"Cetel A D, Duhl D N. Second Generation Columnar Grain Nickel-Base Superalloy[J]. 1992.","10.11961/mater0203.MGI.20171221.ds.0035","张瑞杰","摘录","黄淋","2018-01-09",,,,,"PWA1426","4h","2240oF","4h","1975oF","12h","1600oF",,,,,,,,,,,,,"110Ksi",,,"1400oF","258.89oF/Minute",,,,,,
"ObjectId(""5b4cab9ae6b1a81674aabe27"")","6","0.015","0.l","10","6.5wt.%","1.5",,,"1.7","Balance","3",,"4","0","6.5",,"0.l",,"110.212h",,,"",,,"Cetel A D, Duhl D N. Second Generation Columnar Grain Nickel-Base Superalloy[J]. 1992.","10.11961/mater0203.MGI.20171221.ds.0035","张瑞杰","摘录","黄淋","2018-01-09",,,,,"PWA1426","4h","2240oF","4h","1975oF","12h","1600oF",,,,,,,,,,,,,"110Ksi",,,"1400oF","234.873oF/Minute",,,,,,
"ObjectId(""5b4cab9ee6b1a81674aabe29"")","6","0.015","0.l","10","6.5wt.%","1.5",,,"1.7","Balance","3",,"4","0","6.5",,"0.l",,"91.3794h",,,"",,,"Cetel A D, Duhl D N. Second Generation Columnar Grain Nickel-Base Superalloy[J]. 1992.","10.11961/mater0203.MGI.20171221.ds.0035","张瑞杰","摘录","黄淋","2018-01-09",,,,,"PWA1426","4h","2240oF","4h","1975oF","12h","1600oF",,,,,,,,,,,,,"110Ksi",,,"1400oF","184.749oF/Minute",,,,,,
"ObjectId(""5b4caba8e6b1a81674aabe2d"")","6","0.015","0.l","10","6.5wt.%","1.5",,,"1.7","Balance","3",,"4","0","6.5",,"0.l",,"69.8979h",,,"",,,"Cetel A D, Duhl D N. Second Generation Columnar Grain Nickel-Base Superalloy[J]. 1992.","10.11961/mater0203.MGI.20171221.ds.0035","张瑞杰","摘录","黄淋","2018-01-09",,,,,"PWA1426","4h","2240oF","4h","1975oF","12h","1600oF",,,,,,,,,,,,,"110Ksi",,,"1400oF","29.2079oF/Minute",,,,,,
"ObjectId(""5b4cabb2e6b1a81674aabe31"")","6","0.015","0.l","10","6.5wt.%","1.5",,,"1.7","Balance","3",,"4","0","6.5",,"0.l",,"82.9946h",,,"",,,"Cetel A D, Duhl D N. Second Generation Columnar Grain Nickel-Base Superalloy[J]. 1992.","10.11961/mater0203.MGI.20171221.ds.0035","张瑞杰","摘录","黄淋","2018-01-09",,,,,"PWA1426","4h","2240oF","4h","1975oF","12h","1600oF",,,,,,,,,,,,,"110Ksi",,,"1400oF","300.195oF/Minute",,,,,,
"ObjectId(""5b4cabb7e6b1a81674aabe33"")","6","0.015","0.l","10","6.5wt.%","1.5",,,"1.7","Balance","3",,"4","0","6.5",,"0.l",,"132.133h",,,"",,,"Cetel A D, Duhl D N. Second Generation Columnar Grain Nickel-Base Superalloy[J]. 1992.","10.11961/mater0203.MGI.20171221.ds.0035","张瑞杰","摘录","黄淋","2018-01-09",,,,,"PWA1426","4h","2240oF","4h","1975oF","12h","1600oF",,,,,,,,,,,,,"110Ksi",,,"1400oF","258.715oF/Minute",,,,,,
"ObjectId(""5b4cabbce6b1a81674aabe35"")","6","0.015","0.l","10","6.5wt.%","1.5",,,"1.7","Balance","3",,"4","0","6.5",,"0.l",,"123.216h",,,"",,,"Cetel A D, Duhl D N. Second Generation Columnar Grain Nickel-Base Superalloy[J]. 1992.","10.11961/mater0203.MGI.20171221.ds.0035","张瑞杰","摘录","黄淋","2018-01-09",,,,,"PWA1426","4h","2240oF","4h","1975oF","12h","1600oF",,,,,,,,,,,,,"110Ksi",,,"1400oF","233.663oF/Minute",,,,,,
"ObjectId(""5b4cabcfe6b1a81674aabe3b"")","6","0.015","0.l","10","6.5wt.%","1.5",,,"1.7","Balance","3",,"4","0","6.5",,"0.l",,"118.426h",,,"",,,"Cetel A D, Duhl D N. Second Generation Columnar Grain Nickel-Base Superalloy[J]. 1992.","10.11961/mater0203.MGI.20171221.ds.0035","张瑞杰","摘录","黄淋","2018-01-09",,,,,"PWA1426","4h","2240oF","4h","1975oF","12h","1600oF",,,,,,,,,,,"85.0029%",,"36Ksi",,,"1800oF",,,,,,,
"ObjectId(""5b4cabdee6b1a81674aabe41"")","6","0.015","0.l","10","6.5wt.%","1.5",,,"1.7","Balance","3",,"4","0","6.5",,"0.l",,"77.6338h",,,"",,,"Cetel A D, Duhl D N. Second Generation Columnar Grain Nickel-Base Superalloy[J]. 1992.","10.11961/mater0203.MGI.20171221.ds.0035","张瑞杰","摘录","黄淋","2018-01-09",,,,,"PWA1426","4h","2240oF","4h","1975oF","12h","1600oF",,,,,,,,,,,"65.8843%",,"36Ksi",,,"1800oF",,,,,,,
"ObjectId(""5b4cabe3e6b1a81674aabe43"")","6","0.015","0.l","10","6.5wt.%","1.5",,,"1.7","Balance","3",,"4","0","6.5",,"0.l",,"121.407h",,,"",,,"Cetel A D, Duhl D N. Second Generation Columnar Grain Nickel-Base Superalloy[J]. 1992.","10.11961/mater0203.MGI.20171221.ds.0035","张瑞杰","摘录","黄淋","2018-01-09",,,,,"PWA1426","4h","2240oF","4h","1975oF","12h","1600oF",,,,,,,,,,,"85.2275%",,"36Ksi",,,"1800oF",,,,,,,
"ObjectId(""5b4cabfbe6b1a81674aabe4d"")","6","0.015","0.l","10","6.5wt.%","1.5",,,"1.7","Balance","3",,"4","0","6.5",,"0.l",,"110.18h",,,"",,,"Cetel A D, Duhl D N. Second Generation Columnar Grain Nickel-Base Superalloy[J]. 1992.","10.11961/mater0203.MGI.20171221.ds.0035","张瑞杰","摘录","黄淋","2018-01-09",,,,,"PWA1426","4h","2240oF","4h","1975oF","12h","1600oF",,,,,,,,,,,"94.7442%",,"36Ksi",,,"1800oF",,,,,,,
"ObjectId(""5b4cac14e6b1a81674aabe55"")","6","0.015","0.l","10","6.5wt.%","1.5",,,"1.7","Balance","3",,"4","0","6.5",,"0.l",,"60.2146h",,,"",,,"Cetel A D, Duhl D N. Second Generation Columnar Grain Nickel-Base Superalloy[J]. 1992.","10.11961/mater0203.MGI.20171221.ds.0035","张瑞杰","摘录","黄淋","2018-01-09",,,,,"PWA1426","4h","2240oF","4h","1975oF","12h","1600oF",,,,,,,,,,,"5.27651%",,"36Ksi",,,"1800oF",,,,,,,
"ObjectId(""5b4cac28e6b1a81674aabe5d"")","6","0.015","0.l","10","6.5wt.%","1.5",,,"1.7","Balance","3",,"4","0","6.5",,"0.l",,"46.9682h",,,"",,,"Cetel A D, Duhl D N. Second Generation Columnar Grain Nickel-Base Superalloy[J]. 1992.","10.11961/mater0203.MGI.20171221.ds.0035","张瑞杰","摘录","黄淋","2018-01-09",,,,,"PWA1426","4h","2240oF","4h","1975oF","12h","1600oF",,,,,,,,,,,"4.84421%",,"36Ksi",,,"1800oF",,,,,,,
"ObjectId(""5b4cac31e6b1a81674aabe61"")","6","0.015","0.l","10","6.5wt.%","1.5",,,"1.7","Balance","3",,"4","0","6.5",,"0.l",,"65.3317h",,,"",,,"Cetel A D, Duhl D N. Second Generation Columnar Grain Nickel-Base Superalloy[J]. 1992.","10.11961/mater0203.MGI.20171221.ds.0035","张瑞杰","摘录","黄淋","2018-01-09",,,,,"PWA1426","4h","2240oF","4h","1975oF","12h","1600oF",,,,,,,,,,,"50.635%",,"36Ksi",,,"1800oF",,,,,,,
"ObjectId(""5b4cac45e6b1a81674aabe69"")","6","0.015","0.l","10","6.5wt.%","1.5",,,"1.7","Balance","3",,"4","0","6.5",,"0.l",,"72.6486h",,,"",,,"Cetel A D, Duhl D N. Second Generation Columnar Grain Nickel-Base Superalloy[J]. 1992.","10.11961/mater0203.MGI.20171221.ds.0035","张瑞杰","摘录","黄淋","2018-01-09",,,,,"PWA1426","4h","2240oF","4h","1975oF","12h","1600oF",,,,,,,,,,,"60.3403%",,"36Ksi",,,"1800oF",,,,,,,
"ObjectId(""5b4cac4ae6b1a81674aabe6b"")","6","0.015","0.l","10","6.5wt.%","1.5",,,"1.7","Balance","3",,"4","0","6.5",,"0.l",,"60.6952h",,,"",,,"Cetel A D, Duhl D N. Second Generation Columnar Grain Nickel-Base Superalloy[J]. 1992.","10.11961/mater0203.MGI.20171221.ds.0035","张瑞杰","摘录","黄淋","2018-01-09",,,,,"PWA1426","4h","2240oF","4h","1975oF","12h","1600oF",,,,,,,,,,,"50.4143%",,"36Ksi",,,"1800oF",,,,,,,
"ObjectId(""5b4cac54e6b1a81674aabe6f"")","6","0.015","0.l","10","6.5wt.%","1.5",,,"1.7","Balance","3",,"4","0","6.5",,"0.l",,"75.2976h",,,"",,,"Cetel A D, Duhl D N. Second Generation Columnar Grain Nickel-Base Superalloy[J]. 1992.","10.11961/mater0203.MGI.20171221.ds.0035","张瑞杰","摘录","黄淋","2018-01-09",,,,,"PWA1426","4h","2240oF","4h","1975oF","12h","1600oF",,,,,,,,,,,"60.3342%",,"36Ksi",,,"1800oF",,,,,,,
"ObjectId(""5b4cac59e6b1a81674aabe71"")","6","0.015","0.l","10","6.5wt.%","1.5",,,"1.7","Balance","3",,"4","0","6.5",,"0.l",,"77.6277h",,,"",,,"Cetel A D, Duhl D N. Second Generation Columnar Grain Nickel-Base Superalloy[J]. 1992.","10.11961/mater0203.MGI.20171221.ds.0035","张瑞杰","摘录","黄淋","2018-01-09",,,,,"PWA1426","4h","2240oF","4h","1975oF","12h","1600oF",,,,,,,,,,,"64.0325%",,"36Ksi",,,"1800oF",,,,,,,
"ObjectId(""5b4cf9e0e6b1a819a85d7bb5"")","0.1",,"0",,"12.5",,,"0.5","22.5","63.3wt.%",,,,"1",,"0.1",,,"0.727895h","12h","1150℃","",,,"Cowen C J, Jablonski P D. Elevated temperature mechanical behavior of new low CTE superalloys[J]. 2008.","10.11961/mater0203.MGI.20171221.ds.0055","尹海清","摘录","史政涛","2018-01-09","6h","650℃","1070℃",,"J5",,,,,,,,,,,"  ",,,,,,,,,"444.928Mpa","750℃",,,"10mm","1070℃","75mm","5kg",,
"ObjectId(""5b4cf9e5e6b1a819a85d7bb7"")",,,,,"8",,,"0.5","25","66.5wt.%",,,,,,,,,"1082.64h","12h","1150℃","",,,"Cowen C J, Jablonski P D. Elevated temperature mechanical behavior of new low CTE superalloys[J]. 2008.","10.11961/mater0203.MGI.20171221.ds.0055","尹海清","摘录","史政涛","2018-01-09","6h","650℃","1070℃",,"Haynes242",,,,,,,,,,,"  ",,,,,,,,,"110.145Mpa","760℃",,,"10mm","1070℃","75mm","5kg",,
"ObjectId(""5b4cf9eae6b1a819a85d7bb9"")",,,,,"8",,,"0.5","25","66.5wt.%",,,,,,,,,"10.8264h","12h","1150℃","",,,"Cowen C J, Jablonski P D. Elevated temperature mechanical behavior of new low CTE superalloys[J]. 2008.","10.11961/mater0203.MGI.20171221.ds.0055","尹海清","摘录","史政涛","2018-01-09","6h","650℃","1070℃",,"Haynes242",,,,,,,,,,,"  ",,,,,,,,,"269.565Mpa","760℃",,,"10mm","1070℃","75mm","5kg",,
"ObjectId(""5b4cf9eee6b1a819a85d7bbb"")","0.1",,"0",,"12.5",,,"0.5","22.5","63.3wt.%",,,,"1",,"0.1",,,"57.3615h","12h","1150℃","",,,"Cowen C J, Jablonski P D. Elevated temperature mechanical behavior of new low CTE superalloys[J]. 2008.","10.11961/mater0203.MGI.20171221.ds.0055","尹海清","摘录","史政涛","2018-01-09","6h","650℃","1070℃",,"J5",,,,,,,,,,,"  ",,,,,,,,,"269.565Mpa","750℃",,,"10mm","1070℃","75mm","5kg",,
"ObjectId(""5b4cfa02e6b1a819a85d7bc3"")","0.1",,"0",,"12.5",,,"0.5","22.5","63.3wt.%",,,,"1",,"0.1",,,"45.2035h","12h","1150℃","",,,"Cowen C J, Jablonski P D. Elevated temperature mechanical behavior of new low CTE superalloys[J]. 2008.","10.11961/mater0203.MGI.20171221.ds.0055","尹海清","摘录","史政涛","2018-01-09","6h","650℃","1070℃",,"J5",,,,,,,,,,,"  ",,,,,,,,,"234.783Mpa","750℃",,,"10mm","1070℃","75mm","5kg",,
"ObjectId(""5b4cfa07e6b1a819a85d7bc5"")","0.1",,"0",,"12.5",,,"0.5","22.5","63.3wt.%",,,,"1",,"0.1",,,"0.551289h","12h","1150℃","",,,"Cowen C J, Jablonski P D. Elevated temperature mechanical behavior of new low CTE superalloys[J]. 2008.","10.11961/mater0203.MGI.20171221.ds.0055","尹海清","摘录","史政涛","2018-01-09","6h","650℃","1070℃",,"J5",,,,,,,,,,,"  ",,,,,,,,,"479.71Mpa","750℃",,,"10mm","1070℃","75mm","5kg",,
"ObjectId(""5b4cfa0ce6b1a819a85d7bc7"")",,,,,"8",,,"0.5","25","66.5wt.%",,,,,,,,,"104.05h","12h","1150℃","",,,"Cowen C J, Jablonski P D. Elevated temperature mechanical behavior of new low CTE superalloys[J]. 2008.","10.11961/mater0203.MGI.20171221.ds.0055","尹海清","摘录","史政涛","2018-01-09","6h","650℃","1070℃",,"Haynes242",,,,,,,,,,,"  ",,,,,,,,,"191.304Mpa","760℃",,,"10mm","1070℃","75mm","5kg",,
"ObjectId(""5b4cfa16e6b1a819a85d7bcb"")",,,,,"8",,,"0.5","25","66.5wt.%",,,,,,,,,"1040.5h","12h","1150℃","",,,"Cowen C J, Jablonski P D. Elevated temperature mechanical behavior of new low CTE superalloys[J]. 2008.","10.11961/mater0203.MGI.20171221.ds.0055","尹海清","摘录","史政涛","2018-01-09","6h","650℃","1070℃",,"Haynes242",,,,,,,,,,,"  ",,,,,,,,,"95.6522Mpa","760℃",,,"10mm","1070℃","75mm","5kg",,
"ObjectId(""5b4cfa1ae6b1a819a85d7bcd"")",,,,,"8",,,"0.5","25","66.5wt.%",,,,,,,,,"108.264h","12h","1150℃","",,,"Cowen C J, Jablonski P D. Elevated temperature mechanical behavior of new low CTE superalloys[J]. 2008.","10.11961/mater0203.MGI.20171221.ds.0055","尹海清","摘录","史政涛","2018-01-09","6h","650℃","1070℃",,"Haynes242",,,,,,,,,,,"  ",,,,,,,,,"173.913Mpa","760℃",,,"10mm","1070℃","75mm","5kg",,
"ObjectId(""5b4cfa1fe6b1a819a85d7bcf"")","0.1",,"0",,"12.5",,,"0.5","22.5","63.3wt.%",,,,"1",,"0.1",,,"16.1026h","12h","1150℃","",,,"Cowen C J, Jablonski P D. Elevated temperature mechanical behavior of new low CTE superalloys[J]. 2008.","10.11961/mater0203.MGI.20171221.ds.0055","尹海清","摘录","史政涛","2018-01-09","6h","650℃","1070℃",,"J5",,,,,,,,,,,"  ",,,,,,,,,"339.13Mpa","750℃",,,"10mm","1070℃","75mm","5kg",,
"ObjectId(""5b4cfa2ee6b1a819a85d7bd3"")","0.1",,"0",,"12.5",,,"0.5","22.5","63.3wt.%",,,,"1",,"0.1",,,"1487.35h","12h","1150℃","",,,"Cowen C J, Jablonski P D. Elevated temperature mechanical behavior of new low CTE superalloys[J]. 2008.","10.11961/mater0203.MGI.20171221.ds.0055","尹海清","摘录","史政涛","2018-01-09","6h","650℃","1070℃",,"J5",,,,,,,,,,,"  ",,,,,,,,,"130.435Mpa","750℃",,,"10mm","1070℃","75mm","5kg",,
"ObjectId(""5b4cfa33e6b1a819a85d7bd5"")","0.1",,"0",,"12.5",,,"0.5","15.5","63.3wt.%",,,,"1","7","0.1",,,"390.893h","12h","1150℃","",,,"Cowen C J, Jablonski P D. Elevated temperature mechanical behavior of new low CTE superalloys[J]. 2008.","10.11961/mater0203.MGI.20171221.ds.0055","尹海清","摘录","史政涛","2018-01-09","6h","650℃","1070℃",,"J16",,,,,,,,,,,"  ",,,,,,,,,"449.275Mpa","650℃",,,"10mm","1070℃","75mm","5kg",,
"ObjectId(""5b4cfa38e6b1a819a85d7bd7"")","0.1",,"0",,"12.5",,,"0.5","17.5","63.3wt.%",,,,"1","5","0.1",,,"0.766437h","12h","1150℃","",,,"Cowen C J, Jablonski P D. Elevated temperature mechanical behavior of new low CTE superalloys[J]. 2008.","10.11961/mater0203.MGI.20171221.ds.0055","尹海清","摘录","史政涛","2018-01-09","6h","650℃","1070℃",,"J15",,,,,,,,,,,"  ",,,,,,,,,"619.324Mpa","650℃",,,"10mm","1070℃","75mm","5kg",,
"ObjectId(""5b4cfa3de6b1a819a85d7bd9"")","0.1",,"0",,"12.5",,,"0.5","22.5","63.3wt.%",,,,"1",,"0.1",,,"108.264h","12h","1150℃","",,,"Cowen C J, Jablonski P D. Elevated temperature mechanical behavior of new low CTE superalloys[J]. 2008.","10.11961/mater0203.MGI.20171221.ds.0055","尹海清","摘录","史政涛","2018-01-09","6h","650℃","1070℃",,"J5",,,,,,,,,,,"  ",,,,,,,,,"200Mpa","750℃",,,"10mm","1070℃","75mm","5kg",,
"ObjectId(""5b4cfa41e6b1a819a85d7bdb"")","0.1",,"0",,"12.5",,,"0.5","17.5","63.3wt.%",,,,"1","5","0.1",,,"568.215h","12h","1150℃","",,,"Cowen C J, Jablonski P D. Elevated temperature mechanical behavior of new low CTE superalloys[J]. 2008.","10.11961/mater0203.MGI.20171221.ds.0055","尹海清","摘录","史政涛","2018-01-09","6h","650℃","1070℃",,"J15",,,,,,,,,,,"  ",,,,,,,,,"449.275Mpa","650℃",,,"10mm","1070℃","75mm","5kg",,
"ObjectId(""5b4cfa46e6b1a819a85d7bdd"")","0.1",,"0",,"12.5",,,"0.5","17.5","63.3wt.%",,,,"1","5","0.1",,,"127.26h","12h","1150℃","",,,"Cowen C J, Jablonski P D. Elevated temperature mechanical behavior of new low CTE superalloys[J]. 2008.","10.11961/mater0203.MGI.20171221.ds.0055","尹海清","摘录","史政涛","2018-01-09","6h","650℃","1070℃",,"J15",,,,,,,,,,,"  ",,,,,,,,,"482.126Mpa","650℃",,,"10mm","1070℃","75mm","5kg",,
"ObjectId(""5b4cfa4be6b1a819a85d7bdf"")","0.1",,"0",,"12.5",,,"0.5","22.5","63.3wt.%",,,,"1",,"0.1",,,"188.739h","12h","1150℃","",,,"Cowen C J, Jablonski P D. Elevated temperature mechanical behavior of new low CTE superalloys[J]. 2008.","10.11961/mater0203.MGI.20171221.ds.0055","尹海清","摘录","史政涛","2018-01-09","6h","650℃","1070℃",,"J5",,,,,,,,,,,"  ",,,,,,,,,"163.768Mpa","750℃",,,"10mm","1070℃","75mm","5kg",,
"ObjectId(""5b4cfa50e6b1a819a85d7be1"")","0.1",,"0",,"12.5",,,"0.5","15.5","63.3wt.%",,,,"1","7","0.1",,,"163.304h","12h","1150℃","",,,"Cowen C J, Jablonski P D. Elevated temperature mechanical behavior of new low CTE superalloys[J]. 2008.","10.11961/mater0203.MGI.20171221.ds.0055","尹海清","摘录","史政涛","2018-01-09","6h","650℃","1070℃",,"J16",,,,,,,,,,,"  ",,,,,,,,,"482.126Mpa","650℃",,,"10mm","1070℃","75mm","5kg",,
"ObjectId(""5b4cfa55e6b1a819a85d7be3"")","0.1",,"0",,"12.5",,,"0.5","22.5","63.3wt.%",,,,"1",,"0.1",,,"0.1h","12h","1150℃","",,,"Cowen C J, Jablonski P D. Elevated temperature mechanical behavior of new low CTE superalloys[J]. 2008.","10.11961/mater0203.MGI.20171221.ds.0055","尹海清","摘录","史政涛","2018-01-09","6h","650℃","1070℃",,"J5",,,,,,,,,,,"  ",,,,,,,,,"690.821Mpa","650℃",,,"10mm","1070℃","75mm","5kg",,
"ObjectId(""5b4cfa5ae6b1a819a85d7be5"")","0.1",,"0",,"12.5",,,"0.5","15.5","63.3wt.%",,,,"1","7","0.1",,,"68.2237h","12h","1150℃","",,,"Cowen C J, Jablonski P D. Elevated temperature mechanical behavior of new low CTE superalloys[J]. 2008.","10.11961/mater0203.MGI.20171221.ds.0055","尹海清","摘录","史政涛","2018-01-09","6h","650℃","1070℃",,"J16",,,,,,,,,,,"  ",,,,,,,,,"516.908Mpa","650℃",,,"10mm","1070℃","75mm","5kg",,
"ObjectId(""5b4cfa5fe6b1a819a85d7be7"")","0.1",,"0",,"12.5",,,"0.5","22.5","63.3wt.%",,,,"1",,"0.1",,,"1.83459h","12h","1150℃","",,,"Cowen C J, Jablonski P D. Elevated temperature mechanical behavior of new low CTE superalloys[J]. 2008.","10.11961/mater0203.MGI.20171221.ds.0055","尹海清","摘录","史政涛","2018-01-09","6h","650℃","1070℃",,"J5",,,,,,,,,,,"  ",,,,,,,,,"795.169Mpa","650℃",,,"10mm","1070℃","75mm","5kg",,
"ObjectId(""5b4cfa64e6b1a819a85d7be9"")","0.1",,"0",,"12.5",,,"0.5","15.5","63.3wt.%",,,,"1","7","0.1",,,"4933.34h","12h","1150℃","",,,"Cowen C J, Jablonski P D. Elevated temperature mechanical behavior of new low CTE superalloys[J]. 2008.","10.11961/mater0203.MGI.20171221.ds.0055","尹海清","摘录","史政涛","2018-01-09","6h","650℃","1070℃",,"J16",,,,,,,,,,,"  ",,,,,,,,,"346.86Mpa","650℃",,,"10mm","1070℃","75mm","5kg",,
"ObjectId(""5b4cfa69e6b1a819a85d7beb"")","0.1",,"0",,"12.5",,,"0.5","17.5","63.3wt.%",,,,"1","5","0.1",,,"0.597274h","12h","1150℃","",,,"Cowen C J, Jablonski P D. Elevated temperature mechanical behavior of new low CTE superalloys[J]. 2008.","10.11961/mater0203.MGI.20171221.ds.0055","尹海清","摘录","史政涛","2018-01-09","6h","650℃","1070℃",,"J15",,,,,,,,,,,"  ",,,,,,,,,"621.256Mpa","650℃",,,"10mm","1070℃","75mm","5kg",,
"ObjectId(""5b4cfa6de6b1a819a85d7bed"")","0.1",,"0",,"12.5",,,"0.5","17.5","63.3wt.%",,,,"1","5","0.1",,,"80.5633h","12h","1150℃","",,,"Cowen C J, Jablonski P D. Elevated temperature mechanical behavior of new low CTE superalloys[J]. 2008.","10.11961/mater0203.MGI.20171221.ds.0055","尹海清","摘录","史政涛","2018-01-09","6h","650℃","1070℃",,"J15",,,,,,,,,,,"  ",,,,,,,,,"482.126Mpa","650℃",,,"10mm","1070℃","75mm","5kg",,
"ObjectId(""5b4cfa72e6b1a819a85d7bef"")","0.1",,"0",,"12.5",,,"0.5","22.5","63.3wt.%",,,,"1",,"0.1",,,"329.034h","12h","1150℃","",,,"Cowen C J, Jablonski P D. Elevated temperature mechanical behavior of new low CTE superalloys[J]. 2008.","10.11961/mater0203.MGI.20171221.ds.0055","尹海清","摘录","史政涛","2018-01-09","6h","650℃","1070℃",,"J5",,,,,,,,,,,"  ",,,,,,,,,"165.217Mpa","750℃",,,"10mm","1070℃","75mm","5kg",,
"ObjectId(""5b4cfa7ce6b1a819a85d7bf1"")","0.1",,"0",,"12.5",,,"0.5","22.5","63.3wt.%",,,,"1",,"0.1",,,"374.979h","12h","1150℃","",,,"Cowen C J, Jablonski P D. Elevated temperature mechanical behavior of new low CTE superalloys[J]. 2008.","10.11961/mater0203.MGI.20171221.ds.0055","尹海清","摘录","史政涛","2018-01-09","6h","650℃","1070℃",,"J5",,,,,,,,,,,"  ",,,,,,,,,"484.058Mpa","650℃",,,"10mm","1070℃","75mm","5kg",,
"ObjectId(""5b4cfa81e6b1a819a85d7bf3"")","0.1",,"0",,"12.5",,,"0.5","22.5","63.3wt.%",,,,"1",,"0.1",,,"18.0434h","12h","1150℃","",,,"Cowen C J, Jablonski P D. Elevated temperature mechanical behavior of new low CTE superalloys[J]. 2008.","10.11961/mater0203.MGI.20171221.ds.0055","尹海清","摘录","史政涛","2018-01-09","6h","650℃","1070℃",,"J5",,,,,,,,,,,"  ",,,,,,,,,"656.039Mpa","650℃",,,"10mm","1070℃","75mm","5kg",,
"ObjectId(""5b4cfa86e6b1a819a85d7bf5"")","0.1",,"0",,"12.5",,,"0.5","22.5","63.3wt.%",,,,"1",,"0.1",,,"95.1348h","12h","1150℃","",,,"Cowen C J, Jablonski P D. Elevated temperature mechanical behavior of new low CTE superalloys[J]. 2008.","10.11961/mater0203.MGI.20171221.ds.0055","尹海清","摘录","史政涛","2018-01-09","6h","650℃","1070℃",,"J5",,,,,,,,,,,"  ",,,,,,,,,"516.908Mpa","650℃",,,"10mm","1070℃","75mm","5kg",,
"ObjectId(""5b4cfa8fe6b1a819a85d7bf9"")",,,,,"8",,,"0.5","25","66.5wt.%",,,,,,,,,"1016.76h","12h","1150℃","",,,"Cowen C J, Jablonski P D. Elevated temperature mechanical behavior of new low CTE superalloys[J]. 2008.","10.11961/mater0203.MGI.20171221.ds.0055","尹海清","摘录","史政涛","2018-01-09","6h","650℃","1070℃",,"Haynes242",,,,,,,,,,,"  ",,,,,,,,,"520.773Mpa","650℃",,,"10mm","1070℃","75mm","5kg",,
"ObjectId(""5b4cfa94e6b1a819a85d7bfb"")","0.1",,"0",,"12.5",,,"0.5","22.5","63.3wt.%",,,,"1",,"0.1",,,"825.976h","12h","1150℃","",,,"Cowen C J, Jablonski P D. Elevated temperature mechanical behavior of new low CTE superalloys[J]. 2008.","10.11961/mater0203.MGI.20171221.ds.0055","尹海清","摘录","史政涛","2018-01-09","6h","650℃","1070℃",,"J5",,,,,,,,,,,"  ",,,,,,,,,"447.343Mpa","650℃",,,"10mm","1070℃","75mm","5kg",,
"ObjectId(""5b4cfa99e6b1a819a85d7bfd"")",,,,,"8",,,"0.5","25","66.5wt.%",,,,,,,,,"103.381h","12h","1150℃","",,,"Cowen C J, Jablonski P D. Elevated temperature mechanical behavior of new low CTE superalloys[J]. 2008.","10.11961/mater0203.MGI.20171221.ds.0055","尹海清","摘录","史政涛","2018-01-09","6h","650℃","1070℃",,"Haynes242",,,,,,,,,,,"  ",,,,,,,,,"621.256Mpa","650℃",,,"10mm","1070℃","75mm","5kg",,
"ObjectId(""5b4cfaa8e6b1a819a85d7c03"")",,,,,"8",,,"0.5","25","66.5wt.%",,,,,,,,,"1016.76h","12h","1150℃","",,,"Cowen C J, Jablonski P D. Elevated temperature mechanical behavior of new low CTE superalloys[J]. 2008.","10.11961/mater0203.MGI.20171221.ds.0055","尹海清","摘录","史政涛","2018-01-09","6h","650℃","1070℃",,"Haynes242",,,,,,,,,,,"  ",,,,,,,,,"457.005Mpa","650℃",,,"10mm","1070℃","75mm","5kg",,
"ObjectId(""5b4cfaade6b1a819a85d7c05"")","0.1",,"0",,"12.5",,,"0.5","22.5","63.3wt.%",,,,"1",,"0.1",,,"33.657h","12h","1150℃","",,,"Cowen C J, Jablonski P D. Elevated temperature mechanical behavior of new low CTE superalloys[J]. 2008.","10.11961/mater0203.MGI.20171221.ds.0055","尹海清","摘录","史政涛","2018-01-09","6h","650℃","1070℃",,"J5",,,,,,,,,,,"  ",,,,,,,,,"623.188Mpa","650℃",,,"10mm","1070℃","75mm","5kg",,
"ObjectId(""5b4cfab2e6b1a819a85d7c07"")",,,,,"8",,,"0.5","25","66.5wt.%",,,,,,,,,"10.0835h","12h","1150℃","",,,"Cowen C J, Jablonski P D. Elevated temperature mechanical behavior of new low CTE superalloys[J]. 2008.","10.11961/mater0203.MGI.20171221.ds.0055","尹海清","摘录","史政涛","2018-01-09","6h","650℃","1070℃",,"Haynes242",,,,,,,,,,,"  ",,,,,,,,,"727.536Mpa","650℃",,,"10mm","1070℃","75mm","5kg",,
"ObjectId(""5b4cfab7e6b1a819a85d7c09"")",,,,,"8",,,"0.5","25","66.5wt.%",,,,,,,,,"10.5114h","12h","1150℃","",,,"Cowen C J, Jablonski P D. Elevated temperature mechanical behavior of new low CTE superalloys[J]. 2008.","10.11961/mater0203.MGI.20171221.ds.0055","尹海清","摘录","史政涛","2018-01-09","6h","650℃","1070℃",,"Haynes242",,,,,,,,,,,"  ",,,,,,,,,"768.116Mpa","650℃",,,"10mm","1070℃","75mm","5kg",,
"ObjectId(""5b4cfac0e6b1a819a85d7c0d"")",,,,,"8",,,"0.5","25","66.5wt.%",,,,,,,,,"103.381h","12h","1150℃","",,,"Cowen C J, Jablonski P D. Elevated temperature mechanical behavior of new low CTE superalloys[J]. 2008.","10.11961/mater0203.MGI.20171221.ds.0055","尹海清","摘录","史政涛","2018-01-09","6h","650℃","1070℃",,"Haynes242",,,,,,,,,,,"  ",,,,,,,,,"640.58Mpa","650℃",,,"10mm","1070℃","75mm","5kg",,
"ObjectId(""5b4d24b3e6b1a819a85d8c09"")",,,,,,,,,,,,,,,,,,,"260h",,,"",,,"Carlson D M. P/M AF115 Dual Property Disk Process Development[C]// Superalloys. 1980:501-511.","10.11961/mater0203.MGI.20171221.ds.0045","尹海清","摘录","张凯琦","2018-01-08","1614h","760℃",,,"AF115",,,,,,,"100Mpa","4h","1190℃","150mm",,"140KSI","1200℉",,,,,,,,,,,,,,,"30%","2100℃"
"ObjectId(""5b4d24dfe6b1a819a85d8c1b"")",,,,,,,,,,,,,,,,,,,"352h",,,"",,,"Carlson D M. P/M AF115 Dual Property Disk Process Development[C]// Superalloys. 1980:501-511.","10.11961/mater0203.MGI.20171221.ds.0045","尹海清","摘录","张凯琦","2018-01-08","1614h","760℃",,,"AF115",,,,,,,"100Mpa","4h","1190℃","150mm",,"140KSI","1200℉",,,,,,,,,,,,,,,"30%","2100℃"
"ObjectId(""5b4d24e9e6b1a819a85d8c1d"")",,,,,,,,,,,,,,,,,,,"375h",,,"",,,"Carlson D M. P/M AF115 Dual Property Disk Process Development[C]// Superalloys. 1980:501-511.","10.11961/mater0203.MGI.20171221.ds.0045","尹海清","摘录","张凯琦","2018-01-08","1614h","760℃",,,"AF115",,,,,,,"100Mpa","4h","1190℃","150mm",,"140KSI","1200℉",,,,,,,,,,,,,,,"30%","2100℃"
"ObjectId(""5b4d24eee6b1a819a85d8c1f"")",,,,,,,,,,,,,,,,,,,"33h",,,"",,,"Carlson D M. P/M AF115 Dual Property Disk Process Development[C]// Superalloys. 1980:501-511.","10.11961/mater0203.MGI.20171221.ds.0045","尹海清","摘录","张凯琦","2018-01-08","1614h","760℃",,,"AF115",,,,,,,"100Mpa","4h","1190℃","150mm",,"75KSI","1400℉",,,,,,,,,,,,,,,"30%","2100℃"
"ObjectId(""5b4d24f3e6b1a819a85d8c21"")",,,,,,,,,,,,,,,,,,,"252h",,,"",,,"Carlson D M. P/M AF115 Dual Property Disk Process Development[C]// Superalloys. 1980:501-511.","10.11961/mater0203.MGI.20171221.ds.0045","尹海清","摘录","张凯琦","2018-01-08","1614h","760℃",,,"AF115",,,,,,,"100Mpa","4h","1190℃","150mm",,"140KSI","1200℉",,,,,,,,,,,,,,,"30%","2100℃"
"ObjectId(""5b4d24f8e6b1a819a85d8c23"")",,,,,,,,,,,,,,,,,,,"298h",,,"",,,"Carlson D M. P/M AF115 Dual Property Disk Process Development[C]// Superalloys. 1980:501-511.","10.11961/mater0203.MGI.20171221.ds.0045","尹海清","摘录","张凯琦","2018-01-08","1614h","760℃",,,"AF115",,,,,,,"100Mpa","4h","1190℃","150mm",,"140KSI","1200℉",,,,,,,,,,,,,,,"30%","2100℃"
"ObjectId(""5b4d24fde6b1a819a85d8c25"")",,,,,,,,,,,,,,,,,,,"646h",,,"",,,"Carlson D M. P/M AF115 Dual Property Disk Process Development[C]// Superalloys. 1980:501-511.","10.11961/mater0203.MGI.20171221.ds.0045","尹海清","摘录","张凯琦","2018-01-08","1614h","760℃",,,"AF115",,,,,,,"100Mpa","4h","1190℃","150mm",,"140KSI","1200℉",,,,,,,,,,,,,,,"30%","2100℃"
"ObjectId(""5b4d2502e6b1a819a85d8c27"")",,,,,,,,,,,,,,,,,,,"280h",,,"",,,"Carlson D M. P/M AF115 Dual Property Disk Process Development[C]// Superalloys. 1980:501-511.","10.11961/mater0203.MGI.20171221.ds.0045","尹海清","摘录","张凯琦","2018-01-08","1614h","760℃",,,"AF115",,,,,,,"100Mpa","4h","1190℃","150mm",,"140KSI","1200℉",,,,,,,,,,,,,,,"30%","2100℃"
"ObjectId(""5b4d2506e6b1a819a85d8c29"")",,,,,,,,,,,,,,,,,,,"174h",,,"",,,"Carlson D M. P/M AF115 Dual Property Disk Process Development[C]// Superalloys. 1980:501-511.","10.11961/mater0203.MGI.20171221.ds.0045","尹海清","摘录","张凯琦","2018-01-08","1614h","760℃",,,"AF115",,,,,,,"100Mpa","4h","1190℃","150mm",,"140KSI","1200℉",,,,,,,,,,,,,,,"30%","2100℃"
"ObjectId(""5b4d250be6b1a819a85d8c2b"")",,,,,,,,,,,,,,,,,,,"240h",,,"",,,"Carlson D M. P/M AF115 Dual Property Disk Process Development[C]// Superalloys. 1980:501-511.","10.11961/mater0203.MGI.20171221.ds.0045","尹海清","摘录","张凯琦","2018-01-08","1614h","760℃",,,"AF115",,,,,,,"100Mpa","4h","1190℃","150mm",,"140KSI","1200℉",,,,,,,,,,,,,,,"30%","2100℃"
"ObjectId(""5b4d2510e6b1a819a85d8c2d"")",,,,,,,,,,,,,,,,,,,"50h",,,"",,,"Carlson D M. P/M AF115 Dual Property Disk Process Development[C]// Superalloys. 1980:501-511.","10.11961/mater0203.MGI.20171221.ds.0045","尹海清","摘录","张凯琦","2018-01-08","1614h","760℃",,,"AF115",,,,,,,"100Mpa","4h","1190℃","150mm",,"75KSI","1400℉",,,,,,,,,,,,,,,"30%","2100℃"
"ObjectId(""5b4d2515e6b1a819a85d8c2f"")",,,,,,,,,,,,,,,,,,,"20.4h",,,"",,,"Carlson D M. P/M AF115 Dual Property Disk Process Development[C]// Superalloys. 1980:501-511.","10.11961/mater0203.MGI.20171221.ds.0045","尹海清","摘录","张凯琦","2018-01-08","1614h","760℃",,,"AF115",,,,,,,"100Mpa","4h","1190℃","150mm",,"75KSI","1400℉",,,,,,,,,,,,,,,"30%","2100℃"
"ObjectId(""5b4d251ae6b1a819a85d8c31"")",,,,,,,,,,,,,,,,,,,"352h",,,"",,,"Carlson D M. P/M AF115 Dual Property Disk Process Development[C]// Superalloys. 1980:501-511.","10.11961/mater0203.MGI.20171221.ds.0045","尹海清","摘录","张凯琦","2018-01-08","1614h","760℃",,,"AF115",,,,,,,"100Mpa","4h","1190℃","150mm",,"140KSI","1200℉",,,,,,,,,,,,,,,"30%","2100℃"
"ObjectId(""5b4d251fe6b1a819a85d8c33"")",,,,,,,,,,,,,,,,,,,"79h",,,"",,,"Carlson D M. P/M AF115 Dual Property Disk Process Development[C]// Superalloys. 1980:501-511.","10.11961/mater0203.MGI.20171221.ds.0045","尹海清","摘录","张凯琦","2018-01-08","1614h","760℃",,,"AF115",,,,,,,"100Mpa","4h","1190℃","150mm",,"140KSI","1200℉",,,,,,,,,,,,,,,"30%","2100℃"
"ObjectId(""5b4d2524e6b1a819a85d8c35"")",,,,,,,,,,,,,,,,,,,"37h",,,"",,,"Carlson D M. P/M AF115 Dual Property Disk Process Development[C]// Superalloys. 1980:501-511.","10.11961/mater0203.MGI.20171221.ds.0045","尹海清","摘录","张凯琦","2018-01-08","1614h","760℃",,,"AF115",,,,,,,"100Mpa","4h","1190℃","150mm",,"75KSI","1400℉",,,,,,,,,,,,,,,"30%","2100℃"
"ObjectId(""5b4d2529e6b1a819a85d8c37"")",,,,,,,,,,,,,,,,,,,"343h",,,"",,,"Carlson D M. P/M AF115 Dual Property Disk Process Development[C]// Superalloys. 1980:501-511.","10.11961/mater0203.MGI.20171221.ds.0045","尹海清","摘录","张凯琦","2018-01-08","1614h","760℃",,,"AF115",,,,,,,"100Mpa","4h","1190℃","150mm",,"140KSI","1200℉",,,,,,,,,,,,,,,"30%","2100℃"
"ObjectId(""5b4d252ee6b1a819a85d8c39"")",,,,,,,,,,,,,,,,,,,"287h",,,"",,,"Carlson D M. P/M AF115 Dual Property Disk Process Development[C]// Superalloys. 1980:501-511.","10.11961/mater0203.MGI.20171221.ds.0045","尹海清","摘录","张凯琦","2018-01-08","1614h","760℃",,,"AF115",,,,,,,"100Mpa","4h","1190℃","150mm",,"140KSI","1200℉",,,,,,,,,,,,,,,"30%","2100℃"
"ObjectId(""5b4d2538e6b1a819a85d8c3b"")",,,,,,,,,,,,,,,,,,,"7h",,,"",,,"Carlson D M. P/M AF115 Dual Property Disk Process Development[C]// Superalloys. 1980:501-511.","10.11961/mater0203.MGI.20171221.ds.0045","尹海清","摘录","张凯琦","2018-01-08","1614h","760℃",,,"AF115",,,,,,,"100Mpa","4h","1190℃","150mm",,"75KSI","1400℉",,,,,,,,,,,,,,,"30%","2100℃"
"ObjectId(""5b4d2540e6b1a819a85d8c3d"")",,,,,,,,,,,,,,,,,,,"30h",,,"",,,"Carlson D M. P/M AF115 Dual Property Disk Process Development[C]// Superalloys. 1980:501-511.","10.11961/mater0203.MGI.20171221.ds.0045","尹海清","摘录","张凯琦","2018-01-08","1614h","760℃",,,"AF115",,,,,,,"100Mpa","4h","1190℃","150mm",,"75KSI","1400℉",,,,,,,,,,,,,,,"30%","2100℃"
"ObjectId(""5b4d2553e6b1a819a85d8c45"")",,,,,,,,,,,,,,,,,,,"17h",,,"",,,"Carlson D M. P/M AF115 Dual Property Disk Process Development[C]// Superalloys. 1980:501-511.","10.11961/mater0203.MGI.20171221.ds.0045","尹海清","摘录","张凯琦","2018-01-08","1614h","760℃",,,"AF115",,,,,,,"100Mpa","4h","1190℃","150mm",,"75KSI","1400℉",,,,,,,,,,,,,,,"30%","2100℃"
"ObjectId(""5b4d255de6b1a819a85d8c49"")",,,,,,,,,,,,,,,,,,,"36h",,,"",,,"Carlson D M. P/M AF115 Dual Property Disk Process Development[C]// Superalloys. 1980:501-511.","10.11961/mater0203.MGI.20171221.ds.0045","尹海清","摘录","张凯琦","2018-01-08","1614h","760℃",,,"AF115",,,,,,,"100Mpa","4h","1190℃","150mm",,"75KSI","1400℉",,,,,,,,,,,,,,,"30%","2100℃"
"ObjectId(""5b4d2562e6b1a819a85d8c4b"")",,,,,,,,,,,,,,,,,,,"17.5h",,,"",,,"Carlson D M. P/M AF115 Dual Property Disk Process Development[C]// Superalloys. 1980:501-511.","10.11961/mater0203.MGI.20171221.ds.0045","尹海清","摘录","张凯琦","2018-01-08","1614h","760℃",,,"AF115",,,,,,,"100Mpa","4h","1190℃","150mm",,"75KSI","1400℉",,,,,,,,,,,,,,,"30%","2100℃"
"ObjectId(""5b4d256be6b1a819a85d8c4f"")",,,,,,,,,,,,,,,,,,,"6h",,,"",,,"Carlson D M. P/M AF115 Dual Property Disk Process Development[C]// Superalloys. 1980:501-511.","10.11961/mater0203.MGI.20171221.ds.0045","尹海清","摘录","张凯琦","2018-01-08","1614h","760℃",,,"AF115",,,,,,,"100Mpa","4h","1190℃","150mm",,"75KSI","1400℉",,,,,,,,,,,,,,,"30%","2100℃"
"ObjectId(""5b4d2576e6b1a819a85d8c53"")",,,,,,,,,,,,,,,,,,,"5.5h",,,"",,,"Carlson D M. P/M AF115 Dual Property Disk Process Development[C]// Superalloys. 1980:501-511.","10.11961/mater0203.MGI.20171221.ds.0045","尹海清","摘录","张凯琦","2018-01-08","1614h","760℃",,,"AF115",,,,,,,"100Mpa","4h","1190℃","150mm",,"75KSI","1400℉",,,,,,,,,,,,,,,"30%","2100℃"
"ObjectId(""5b4d257be6b1a819a85d8c55"")",,,,,,,,,,,,,,,,,,,"9.8h",,,"",,,"Carlson D M. P/M AF115 Dual Property Disk Process Development[C]// Superalloys. 1980:501-511.","10.11961/mater0203.MGI.20171221.ds.0045","尹海清","摘录","张凯琦","2018-01-08","1614h","760℃",,,"AF115",,,,,,,"100Mpa","4h","1190℃","150mm",,"75KSI","1400℉",,,,,,,,,,,,,,,"30%","2100℃"
"ObjectId(""5b4d2580e6b1a819a85d8c57"")",,,,,,,,,,,,,,,,,,,"31h",,,"",,,"Carlson D M. P/M AF115 Dual Property Disk Process Development[C]// Superalloys. 1980:501-511.","10.11961/mater0203.MGI.20171221.ds.0045","尹海清","摘录","张凯琦","2018-01-08","1614h","760℃",,,"AF115",,,,,,,"100Mpa","4h","1190℃","150mm",,"75KSI","1400℉",,,,,,,,,,,,,,,"30%","2100℃"
"ObjectId(""5b4d5962e6b1a819a85d9ff1"")",,,,,,,,,,,,,,,,,,,"349.411h",,,"",,,"Persson C, Persson P O. Evaluation of service-induced damage and restoration of cast turbine blades[C]. Superalloys, 1992：867-876","10.11961/mater0203.MGI.20171221.ds.0022","尹海清","摘录","张国飞","2018-01-08",,,,"0","Inconel 713 C",,,,,,,,,,,,,,,,,,,,,,,,,,,,,
"ObjectId(""5b4d596ce6b1a819a85d9ff5"")",,,,,,,,,,,,,,,,,,,"748.594h",,,"",,,"Persson C, Persson P O. Evaluation of service-induced damage and restoration of cast turbine blades[C]. Superalloys, 1992：867-876","10.11961/mater0203.MGI.20171221.ds.0022","尹海清","摘录","张国飞","2018-01-08",,,,"15","Inconel 713 C",,,,,,,,,,,,,,,,,,,,,,,,,,,,,
"ObjectId(""5b4d597ae6b1a819a85d9ffb"")",,,,,,,,,,,,,,,,,,,"527.192h",,,"",,,"Persson C, Persson P O. Evaluation of service-induced damage and restoration of cast turbine blades[C]. Superalloys, 1992：867-876","10.11961/mater0203.MGI.20171221.ds.0022","尹海清","摘录","张国飞","2018-01-08",,,,"6","Inconel 713 C",,,,,,,,,,,,,,,,,,,,,,,,,,,,,
"ObjectId(""5b4d598ee6b1a819a85da003"")",,,,,,,,,,,,,,,,,,,"489.232h",,,"",,,"Persson C, Persson P O. Evaluation of service-induced damage and restoration of cast turbine blades[C]. Superalloys, 1992：867-876","10.11961/mater0203.MGI.20171221.ds.0022","尹海清","摘录","张国飞","2018-01-08",,,,"15","Inconel 713 C",,,,,,,,,,,,,,,,,,,,,,,,,,,,,
"ObjectId(""5b4d5993e6b1a819a85da005"")",,,,,,,,,,,,,,,,,,,"278.95h",,,"",,,"Persson C, Persson P O. Evaluation of service-induced damage and restoration of cast turbine blades[C]. Superalloys, 1992：867-876","10.11961/mater0203.MGI.20171221.ds.0022","尹海清","摘录","张国飞","2018-01-08",,,,"6","Inconel 713 C",,,,,,,,,,,,,,,,,,,,,,,,,,,,,
"ObjectId(""5b4d59a6e6b1a819a85da00b"")",,,,,,,,,,,,,,,,,,,"301.147h",,,"","8-25μm","5-12","Persson C, Persson P O. Evaluation of service-induced damage and restoration of cast turbine blades[C]. Superalloys, 1992：867-876","10.11961/mater0203.MGI.20171221.ds.0022","尹海清","摘录","张国飞","2018-01-08",,,,,"Inconel 713 C",,,,,,,,,,,,,,,,,,,,,,,,,,,,,
"ObjectId(""5b4d59b0e6b1a819a85da00f"")",,,,,,,,,,,,,,,,,,,"649.959h",,,"","0μm","0","Persson C, Persson P O. Evaluation of service-induced damage and restoration of cast turbine blades[C]. Superalloys, 1992：867-876","10.11961/mater0203.MGI.20171221.ds.0022","尹海清","摘录","张国飞","2018-01-08",,,,,"Inconel 713 C",,,,,,,,,,,,,,,,,,,,,,,,,,,,,
"ObjectId(""5b4d59b5e6b1a819a85da011"")",,,,,,,,,,,,,,,,,,,"446.295h",,,"","0μm","0","Persson C, Persson P O. Evaluation of service-induced damage and restoration of cast turbine blades[C]. Superalloys, 1992：867-876","10.11961/mater0203.MGI.20171221.ds.0022","尹海清","摘录","张国飞","2018-01-08",,,,,"Inconel 713 C",,,,,,,,,,,,,,,,,,,,,,,,,,,,,
"ObjectId(""5b4d59bae6b1a819a85da013"")",,,,,,,,,,,,,,,,,,,"373.776h",,,"","<8μm","6","Persson C, Persson P O. Evaluation of service-induced damage and restoration of cast turbine blades[C]. Superalloys, 1992：867-876","10.11961/mater0203.MGI.20171221.ds.0022","尹海清","摘录","张国飞","2018-01-08",,,,,"Inconel 713 C",,,,,,,,,,,,,,,,,,,,,,,,,,,,,
"ObjectId(""5b4d59bfe6b1a819a85da015"")",,,,,,,,,,,,,,,,,,,"613.672h",,,"","8-25μm","5-12","Persson C, Persson P O. Evaluation of service-induced damage and restoration of cast turbine blades[C]. Superalloys, 1992：867-876","10.11961/mater0203.MGI.20171221.ds.0022","尹海清","摘录","张国飞","2018-01-08",,,,,"Inconel 713 C",,,,,,,,,,,,,,,,,,,,,,,,,,,,,
"ObjectId(""5b4d59c4e6b1a819a85da017"")",,,,,,,,,,,,,,,,,,,"617.331h",,,"",,,"Persson C, Persson P O. Evaluation of service-induced damage and restoration of cast turbine blades[C]. Superalloys, 1992：867-876","10.11961/mater0203.MGI.20171221.ds.0022","尹海清","摘录","张国飞","2018-01-08",,,,"0","Inconel 713 C",,,,,,,,,,,,,,,,,,,,,,,,,,,,,
"ObjectId(""5b4d59d8e6b1a819a85da01f"")",,,,,,,,,,,,,,,,,,,"196.83h",,,"","<8μm","6","Persson C, Persson P O. Evaluation of service-induced damage and restoration of cast turbine blades[C]. Superalloys, 1992：867-876","10.11961/mater0203.MGI.20171221.ds.0022","尹海清","摘录","张国飞","2018-01-08",,,,,"Inconel 713 C",,,,,,,,,,,,,,,,,,,,,,,,,,,,,
"ObjectId(""5b4d951ae6b1a815d464f690"")",,,"0.10","balance","22wt.%",,"0.4","1",,"22",,"0.35",,,"14",,,"90%","7.11695h",,,"",,,"Klarstrom D L. Thermomechanical Processing of Haynes Alloy No. 188 Sheet to Improve Creep Strength[J]. Superalloys, 1980.","10.11961/mater0203.MGI.20171221.ds.0005","尹海清","摘录","邓正华","2018-01-08",,,,,"HAYNES-188",,,,,,,,,,,,,,,,,,"0.5%",,,,"2150℉",,,,,,,
"ObjectId(""5b4d9523e6b1a815d464f694"")",,,"0.10","balance","22wt.%",,"0.4","1",,"22",,"0.35",,,"14",,,"90%","79.1795h",,,"",,,"Klarstrom D L. Thermomechanical Processing of Haynes Alloy No. 188 Sheet to Improve Creep Strength[J]. Superalloys, 1980.","10.11961/mater0203.MGI.20171221.ds.0005","尹海清","摘录","邓正华","2018-01-08",,,,,"HAYNES-188",,,,,,,,,,,,,,,,,,"0.5%",,,,"2250℉",,,,,,,
"ObjectId(""5b4d952de6b1a815d464f698"")",,,"0.10","balance","22wt.%",,"0.4","1",,"22",,"0.35",,,"14",,,"70%","1.08405h",,,"",,,"Klarstrom D L. Thermomechanical Processing of Haynes Alloy No. 188 Sheet to Improve Creep Strength[J]. Superalloys, 1980.","10.11961/mater0203.MGI.20171221.ds.0005","尹海清","摘录","邓正华","2018-01-08",,,,,"HAYNES-188",,,,,,,,,,,,,,,,,,"0.5%",,,,"2050℉",,,,,,,
"ObjectId(""5b4d9532e6b1a815d464f69a"")",,,"0.10","balance","22wt.%",,"0.4","1",,"22",,"0.35",,,"14",,,"80%","72.6584h",,,"",,,"Klarstrom D L. Thermomechanical Processing of Haynes Alloy No. 188 Sheet to Improve Creep Strength[J]. Superalloys, 1980.","10.11961/mater0203.MGI.20171221.ds.0005","尹海清","摘录","邓正华","2018-01-08",,,,,"HAYNES-188",,,,,,,,,,,,,,,,,,"0.5%",,,,"2250℉",,,,,,,
"ObjectId(""5b4d9537e6b1a815d464f69c"")",,,"0.10","balance","22wt.%",,"0.4","1",,"22",,"0.35",,,"14",,,"80%","10.2787h",,,"",,,"Klarstrom D L. Thermomechanical Processing of Haynes Alloy No. 188 Sheet to Improve Creep Strength[J]. Superalloys, 1980.","10.11961/mater0203.MGI.20171221.ds.0005","尹海清","摘录","邓正华","2018-01-08",,,,,"HAYNES-188",,,,,,,,,,,,,,,,,,"0.5%",,,,"2150℉",,,,,,,
"ObjectId(""5b4d953ce6b1a815d464f69e"")",,,"0.10","balance","22wt.%",,"0.4","1",,"22",,"0.35",,,"14",,,"80%","0.884412h",,,"",,,"Klarstrom D L. Thermomechanical Processing of Haynes Alloy No. 188 Sheet to Improve Creep Strength[J]. Superalloys, 1980.","10.11961/mater0203.MGI.20171221.ds.0005","尹海清","摘录","邓正华","2018-01-08",,,,,"HAYNES-188",,,,,,,,,,,,,,,,,,"0.5%",,,,"2050℉",,,,,,,
"ObjectId(""5b4d9541e6b1a815d464f6a0"")",,,"0.10","balance","22wt.%",,"0.4","1",,"22",,"0.35",,,"14",,,"70%","45.584h",,,"",,,"Klarstrom D L. Thermomechanical Processing of Haynes Alloy No. 188 Sheet to Improve Creep Strength[J]. Superalloys, 1980.","10.11961/mater0203.MGI.20171221.ds.0005","尹海清","摘录","邓正华","2018-01-08",,,,,"HAYNES-188",,,,,,,,,,,,,,,,,,"0.5%",,,,"2250℉",,,,,,,
"ObjectId(""5b4d954ae6b1a815d464f6a4"")",,,"0.10","balance","22wt.%",,"0.4","1",,"22",,"0.35",,,"14",,,"90%","0.88238h",,,"",,,"Klarstrom D L. Thermomechanical Processing of Haynes Alloy No. 188 Sheet to Improve Creep Strength[J]. Superalloys, 1980.","10.11961/mater0203.MGI.20171221.ds.0005","尹海清","摘录","邓正华","2018-01-08",,,,,"HAYNES-188",,,,,,,,,,,,,,,,,,"0.5%",,,,"2050℉",,,,,,,
"ObjectId(""5b4d9559e6b1a815d464f6aa"")",,,"0.10","balance","22wt.%",,"0.4","1",,"22",,"0.35",,,"14",,,"70%","17.5861h",,,"",,,"Klarstrom D L. Thermomechanical Processing of Haynes Alloy No. 188 Sheet to Improve Creep Strength[J]. Superalloys, 1980.","10.11961/mater0203.MGI.20171221.ds.0005","尹海清","摘录","邓正华","2018-01-08",,,,,"HAYNES-188",,,,,,,,,,,,,,,,,,"0.5%",,,,"2150℉",,,,,,,
