"_id","Al","B","C","Co","Cr","Fe","Hf","Mo","Nb","Ni","Ta","Ti","W","Zr","力学性能/屈服强度","力学性能/极限拉伸强度","力学性能/纵向延伸率","单峰晶粒分布热处理/MA","双峰晶粒分布热处理/DB","固溶/固溶温度","固溶/试样厚度","固溶处理油淬/时间","固溶处理油淬/温度","均匀化处理/时间","均匀化处理/温度","备注","拉伸测试/气氛","拉伸测试/气氛压强","拉伸测试/温度","拉伸试验/弹性模量","拉伸试验/晶粒取向（距[001]面）","拉伸试验/晶粒取向（距[011]面）","拉伸试验/温度","摘录出处","数据DOI","数据审核者","数据来源方式","数据生产者","数据采集时间","时效/时效时间","时效/时效温度","时效处理/时效时间","时效处理/时效温度","时效处理/时间","时效处理/温度","时效处理空冷/时间","时效处理空冷/温度","材料牌号","热处理(氩气氛冷却)/烧结时间","热处理(氩气氛冷却)/烧结温度","热等静压/压强","热等静压/时间","热等静压/温度","热等静压/直径","第一次轧制/温度","第二次轧制/温度","锻造/试样厚度","锻造/锻造厚度减少量","锻造（空冷）/锻造温度"
"ObjectId(""5b4d1ef6e6b1a819a85d89db"")","5.5","0.013","0.15wt.%","10.3","8.4","0.05","1.5","0.75",,"balance.","3.1","1.0","9.9","0.07",,,"7.00%",,,,,,,,,"单晶长度3.5cm,直径0.64cm",,,,"136Mpa","10度","35度","23℃","ANISOTROPY OF NICKEL-BASE SUPERALLOY SINGLE CRYSTALS","10.11961/mater0203.MGI.20171221.ds.0037","尹海清","摘录","张凯琦","2018-01-08",,,"24h","816℃",,,,,"Mar-M247","2h","1232℃",,,,,,,,,
"ObjectId(""5b4d2098e6b1a819a85d8a79"")",,,,,,,,,,,,,,,,,"21.04%",,,,,,,,,"",,,,,,,,"Carlson D M. P/M AF115 Dual Property Disk Process Development[C]// Superalloys. 1980:501-511.","10.11961/mater0203.MGI.20171221.ds.0045","尹海清","摘录","张凯琦","2018-01-08","1614h","760℃",,,,,,,"AF115",,,"100Mpa","4h","1190℃","150mm",,,"3英寸","36%","2100℃"
"ObjectId(""5b4d209de6b1a819a85d8a7b"")",,,,,,,,,,,,,,,,,"20.41%",,,,,,,,,"",,,,,,,,"Carlson D M. P/M AF115 Dual Property Disk Process Development[C]// Superalloys. 1980:501-511.","10.11961/mater0203.MGI.20171221.ds.0045","尹海清","摘录","张凯琦","2018-01-08","1614h","760℃",,,,,,,"AF115",,,"100Mpa","4h","1190℃","150mm",,,"3英寸","29%","2100℃"
"ObjectId(""5b4d20a2e6b1a819a85d8a7d"")",,,,,,,,,,,,,,,,,"20.15%",,,,,,,,,"",,,,,,,,"Carlson D M. P/M AF115 Dual Property Disk Process Development[C]// Superalloys. 1980:501-511.","10.11961/mater0203.MGI.20171221.ds.0045","尹海清","摘录","张凯琦","2018-01-08","1614h","760℃",,,,,,,"AF115",,,"100Mpa","4h","1190℃","150mm",,,"3英寸","27%","2100℃"
"ObjectId(""5b4d20a7e6b1a819a85d8a7f"")",,,,,,,,,,,,,,,,,"21.47%",,,,,,,,,"",,,,,,,,"Carlson D M. P/M AF115 Dual Property Disk Process Development[C]// Superalloys. 1980:501-511.","10.11961/mater0203.MGI.20171221.ds.0045","尹海清","摘录","张凯琦","2018-01-08","1614h","760℃",,,,,,,"AF115",,,"100Mpa","4h","1190℃","150mm",,,"3英寸","37%","2100℃"
"ObjectId(""5b4d20ace6b1a819a85d8a81"")",,,,,,,,,,,,,,,,,"20.94%",,,,,,,,,"",,,,,,,,"Carlson D M. P/M AF115 Dual Property Disk Process Development[C]// Superalloys. 1980:501-511.","10.11961/mater0203.MGI.20171221.ds.0045","尹海清","摘录","张凯琦","2018-01-08","1614h","760℃",,,,,,,"AF115",,,"100Mpa","4h","1190℃","150mm",,,"3英寸","33%","2100℃"
"ObjectId(""5b4d20b1e6b1a819a85d8a83"")",,,,,,,,,,,,,,,,,"20.91%",,,,,,,,,"",,,,,,,,"Carlson D M. P/M AF115 Dual Property Disk Process Development[C]// Superalloys. 1980:501-511.","10.11961/mater0203.MGI.20171221.ds.0045","尹海清","摘录","张凯琦","2018-01-08","1614h","760℃",,,,,,,"AF115",,,"100Mpa","4h","1190℃","150mm",,,"3英寸","32%","2100℃"
"ObjectId(""5b4d20b6e6b1a819a85d8a85"")",,,,,,,,,,,,,,,,,"20.38%",,,,,,,,,"",,,,,,,,"Carlson D M. P/M AF115 Dual Property Disk Process Development[C]// Superalloys. 1980:501-511.","10.11961/mater0203.MGI.20171221.ds.0045","尹海清","摘录","张凯琦","2018-01-08","1614h","760℃",,,,,,,"AF115",,,"100Mpa","4h","1190℃","150mm",,,"3英寸","28%","2100℃"
"ObjectId(""5b4d20bae6b1a819a85d8a87"")",,,,,,,,,,,,,,,,,"21.00%",,,,,,,,,"",,,,,,,,"Carlson D M. P/M AF115 Dual Property Disk Process Development[C]// Superalloys. 1980:501-511.","10.11961/mater0203.MGI.20171221.ds.0045","尹海清","摘录","张凯琦","2018-01-08","1614h","760℃",,,,,,,"AF115",,,"100Mpa","4h","1190℃","150mm",,,"3英寸","35%","2100℃"
"ObjectId(""5b4d20bfe6b1a819a85d8a89"")",,,,,,,,,,,,,,,,,"21.16%",,,,,,,,,"",,,,,,,,"Carlson D M. P/M AF115 Dual Property Disk Process Development[C]// Superalloys. 1980:501-511.","10.11961/mater0203.MGI.20171221.ds.0045","尹海清","摘录","张凯琦","2018-01-08","1614h","760℃",,,,,,,"AF115",,,"100Mpa","4h","1190℃","150mm",,,"3英寸","40%","2100℃"
"ObjectId(""5b4d20c4e6b1a819a85d8a8b"")",,,,,,,,,,,,,,,,,"20.68%",,,,,,,,,"",,,,,,,,"Carlson D M. P/M AF115 Dual Property Disk Process Development[C]// Superalloys. 1980:501-511.","10.11961/mater0203.MGI.20171221.ds.0045","尹海清","摘录","张凯琦","2018-01-08","1614h","760℃",,,,,,,"AF115",,,"100Mpa","4h","1190℃","150mm",,,"3英寸","31%","2100℃"
"ObjectId(""5b4d20c9e6b1a819a85d8a8d"")",,,,,,,,,,,,,,,,,"20.97%",,,,,,,,,"",,,,,,,,"Carlson D M. P/M AF115 Dual Property Disk Process Development[C]// Superalloys. 1980:501-511.","10.11961/mater0203.MGI.20171221.ds.0045","尹海清","摘录","张凯琦","2018-01-08","1614h","760℃",,,,,,,"AF115",,,"100Mpa","4h","1190℃","150mm",,,"3英寸","34%","2100℃"
"ObjectId(""5b4d20cee6b1a819a85d8a8f"")",,,,,,,,,,,,,,,,,"21.54%",,,,,,,,,"",,,,,,,,"Carlson D M. P/M AF115 Dual Property Disk Process Development[C]// Superalloys. 1980:501-511.","10.11961/mater0203.MGI.20171221.ds.0045","尹海清","摘录","张凯琦","2018-01-08","1614h","760℃",,,,,,,"AF115",,,"100Mpa","4h","1190℃","150mm",,,"3英寸","39%","2100℃"
"ObjectId(""5b4d20d8e6b1a819a85d8a93"")",,,,,,,,,,,,,,,,,"21.50%",,,,,,,,,"",,,,,,,,"Carlson D M. P/M AF115 Dual Property Disk Process Development[C]// Superalloys. 1980:501-511.","10.11961/mater0203.MGI.20171221.ds.0045","尹海清","摘录","张凯琦","2018-01-08","1614h","760℃",,,,,,,"AF115",,,"100Mpa","4h","1190℃","150mm",,,"3英寸","38%","2100℃"
"ObjectId(""5b4d20dde6b1a819a85d8a95"")",,,,,,,,,,,,,,,,,"20.44%",,,,,,,,,"",,,,,,,,"Carlson D M. P/M AF115 Dual Property Disk Process Development[C]// Superalloys. 1980:501-511.","10.11961/mater0203.MGI.20171221.ds.0045","尹海清","摘录","张凯琦","2018-01-08","1614h","760℃",,,,,,,"AF115",,,"100Mpa","4h","1190℃","150mm",,,"3英寸","30%","2100℃"
"ObjectId(""5b4d20e6e6b1a819a85d8a97"")",,,,,,,,,,,,,,,,,"19.44%",,,,,,,,,"",,,,,,,,"Carlson D M. P/M AF115 Dual Property Disk Process Development[C]// Superalloys. 1980:501-511.","10.11961/mater0203.MGI.20171221.ds.0045","尹海清","摘录","张凯琦","2018-01-08","1614h","760℃",,,,,,,"AF115",,,"100Mpa","4h","1190℃","150mm",,,"3英寸","24%","2100℃"
"ObjectId(""5b4d20ebe6b1a819a85d8a99"")",,,,,,,,,,,,,,,,,"18.50%",,,,,,,,,"",,,,,,,,"Carlson D M. P/M AF115 Dual Property Disk Process Development[C]// Superalloys. 1980:501-511.","10.11961/mater0203.MGI.20171221.ds.0045","尹海清","摘录","张凯琦","2018-01-08","1614h","760℃",,,,,,,"AF115",,,"100Mpa","4h","1190℃","150mm",,,"3英寸","20%","2100℃"
"ObjectId(""5b4d20f0e6b1a819a85d8a9b"")",,,,,,,,,,,,,,,,,"18.97%",,,,,,,,,"",,,,,,,,"Carlson D M. P/M AF115 Dual Property Disk Process Development[C]// Superalloys. 1980:501-511.","10.11961/mater0203.MGI.20171221.ds.0045","尹海清","摘录","张凯琦","2018-01-08","1614h","760℃",,,,,,,"AF115",,,"100Mpa","4h","1190℃","150mm",,,"3英寸","22%","2100℃"
"ObjectId(""5b4d20f5e6b1a819a85d8a9d"")",,,,,,,,,,,,,,,,,"13.5%",,,,,,,,,"",,,,,,,,"Carlson D M. P/M AF115 Dual Property Disk Process Development[C]// Superalloys. 1980:501-511.","10.11961/mater0203.MGI.20171221.ds.0045","尹海清","摘录","张凯琦","2018-01-08","1614h","760℃",,,,,,,"AF115",,,"100Mpa","4h","1190℃","150mm",,,"2英寸","33%","2100℃"
"ObjectId(""5b4d20fae6b1a819a85d8a9f"")",,,,,,,,,,,,,,,,,"19.91%",,,,,,,,,"",,,,,,,,"Carlson D M. P/M AF115 Dual Property Disk Process Development[C]// Superalloys. 1980:501-511.","10.11961/mater0203.MGI.20171221.ds.0045","尹海清","摘录","张凯琦","2018-01-08","1614h","760℃",,,,,,,"AF115",,,"100Mpa","4h","1190℃","150mm",,,"3英寸","26%","2100℃"
"ObjectId(""5b4d20ffe6b1a819a85d8aa1"")",,,,,,,,,,,,,,,,,"13.8%",,,,,,,,,"",,,,,,,,"Carlson D M. P/M AF115 Dual Property Disk Process Development[C]// Superalloys. 1980:501-511.","10.11961/mater0203.MGI.20171221.ds.0045","尹海清","摘录","张凯琦","2018-01-08","1614h","760℃",,,,,,,"AF115",,,"100Mpa","4h","1190℃","150mm",,,"2英寸","37%","2100℃"
"ObjectId(""5b4d2107e6b1a819a85d8aa3"")",,,,,,,,,,,,,,,,,"13.7%",,,,,,,,,"",,,,,,,,"Carlson D M. P/M AF115 Dual Property Disk Process Development[C]// Superalloys. 1980:501-511.","10.11961/mater0203.MGI.20171221.ds.0045","尹海清","摘录","张凯琦","2018-01-08","1614h","760℃",,,,,,,"AF115",,,"100Mpa","4h","1190℃","150mm",,,"2英寸","40%","2100℃"
"ObjectId(""5b4d210be6b1a819a85d8aa5"")",,,,,,,,,,,,,,,,,"13.7%",,,,,,,,,"",,,,,,,,"Carlson D M. P/M AF115 Dual Property Disk Process Development[C]// Superalloys. 1980:501-511.","10.11961/mater0203.MGI.20171221.ds.0045","尹海清","摘录","张凯琦","2018-01-08","1614h","760℃",,,,,,,"AF115",,,"100Mpa","4h","1190℃","150mm",,,"2英寸","35%","2100℃"
"ObjectId(""5b4d2110e6b1a819a85d8aa7"")",,,,,,,,,,,,,,,,,"19.88%",,,,,,,,,"",,,,,,,,"Carlson D M. P/M AF115 Dual Property Disk Process Development[C]// Superalloys. 1980:501-511.","10.11961/mater0203.MGI.20171221.ds.0045","尹海清","摘录","张凯琦","2018-01-08","1614h","760℃",,,,,,,"AF115",,,"100Mpa","4h","1190℃","150mm",,,"3英寸","25%","2100℃"
"ObjectId(""5b4d2115e6b1a819a85d8aa9"")",,,,,,,,,,,,,,,,,"19.21%",,,,,,,,,"",,,,,,,,"Carlson D M. P/M AF115 Dual Property Disk Process Development[C]// Superalloys. 1980:501-511.","10.11961/mater0203.MGI.20171221.ds.0045","尹海清","摘录","张凯琦","2018-01-08","1614h","760℃",,,,,,,"AF115",,,"100Mpa","4h","1190℃","150mm",,,"3英寸","23%","2100℃"
"ObjectId(""5b4d211ae6b1a819a85d8aab"")",,,,,,,,,,,,,,,,,"13.9%",,,,,,,,,"",,,,,,,,"Carlson D M. P/M AF115 Dual Property Disk Process Development[C]// Superalloys. 1980:501-511.","10.11961/mater0203.MGI.20171221.ds.0045","尹海清","摘录","张凯琦","2018-01-08","1614h","760℃",,,,,,,"AF115",,,"100Mpa","4h","1190℃","150mm",,,"2英寸","39%","2100℃"
"ObjectId(""5b4d2120e6b1a819a85d8aad"")",,,,,,,,,,,,,,,,,"13.7%",,,,,,,,,"",,,,,,,,"Carlson D M. P/M AF115 Dual Property Disk Process Development[C]// Superalloys. 1980:501-511.","10.11961/mater0203.MGI.20171221.ds.0045","尹海清","摘录","张凯琦","2018-01-08","1614h","760℃",,,,,,,"AF115",,,"100Mpa","4h","1190℃","150mm",,,"2英寸","34%","2100℃"
"ObjectId(""5b4d2125e6b1a819a85d8aaf"")",,,,,,,,,,,,,,,,,"18.74%",,,,,,,,,"",,,,,,,,"Carlson D M. P/M AF115 Dual Property Disk Process Development[C]// Superalloys. 1980:501-511.","10.11961/mater0203.MGI.20171221.ds.0045","尹海清","摘录","张凯琦","2018-01-08","1614h","760℃",,,,,,,"AF115",,,"100Mpa","4h","1190℃","150mm",,,"3英寸","21%","2100℃"
"ObjectId(""5b4d212ae6b1a819a85d8ab1"")",,,,,,,,,,,,,,,,,"13.8%",,,,,,,,,"",,,,,,,,"Carlson D M. P/M AF115 Dual Property Disk Process Development[C]// Superalloys. 1980:501-511.","10.11961/mater0203.MGI.20171221.ds.0045","尹海清","摘录","张凯琦","2018-01-08","1614h","760℃",,,,,,,"AF115",,,"100Mpa","4h","1190℃","150mm",,,"2英寸","38%","2100℃"
"ObjectId(""5b4d212ee6b1a819a85d8ab3"")",,,,,,,,,,,,,,,,,"13.8%",,,,,,,,,"",,,,,,,,"Carlson D M. P/M AF115 Dual Property Disk Process Development[C]// Superalloys. 1980:501-511.","10.11961/mater0203.MGI.20171221.ds.0045","尹海清","摘录","张凯琦","2018-01-08","1614h","760℃",,,,,,,"AF115",,,"100Mpa","4h","1190℃","150mm",,,"2英寸","36%","2100℃"
"ObjectId(""5b4d2138e6b1a819a85d8ab5"")",,,,,,,,,,,,,,,,,"11.6%",,,,,,,,,"",,,,,,,,"Carlson D M. P/M AF115 Dual Property Disk Process Development[C]// Superalloys. 1980:501-511.","10.11961/mater0203.MGI.20171221.ds.0045","尹海清","摘录","张凯琦","2018-01-08","1614h","760℃",,,,,,,"AF115",,,"100Mpa","4h","1190℃","150mm",,,"2英寸","21%","2100℃"
"ObjectId(""5b4d213de6b1a819a85d8ab7"")",,,,,,,,,,,,,,,,,"11.9%",,,,,,,,,"",,,,,,,,"Carlson D M. P/M AF115 Dual Property Disk Process Development[C]// Superalloys. 1980:501-511.","10.11961/mater0203.MGI.20171221.ds.0045","尹海清","摘录","张凯琦","2018-01-08","1614h","760℃",,,,,,,"AF115",,,"100Mpa","4h","1190℃","150mm",,,"2英寸","22%","2100℃"
"ObjectId(""5b4d2142e6b1a819a85d8ab9"")",,,,,,,,,,,,,,,,,"12.4%",,,,,,,,,"",,,,,,,,"Carlson D M. P/M AF115 Dual Property Disk Process Development[C]// Superalloys. 1980:501-511.","10.11961/mater0203.MGI.20171221.ds.0045","尹海清","摘录","张凯琦","2018-01-08","1614h","760℃",,,,,,,"AF115",,,"100Mpa","4h","1190℃","150mm",,,"2英寸","24%","2100℃"
"ObjectId(""5b4d214ce6b1a819a85d8abd"")",,,,,,,,,,,,,,,,,"12.4%",,,,,,,,,"",,,,,,,,"Carlson D M. P/M AF115 Dual Property Disk Process Development[C]// Superalloys. 1980:501-511.","10.11961/mater0203.MGI.20171221.ds.0045","尹海清","摘录","张凯琦","2018-01-08","1614h","760℃",,,,,,,"AF115",,,"100Mpa","4h","1190℃","150mm",,,"2英寸","25%","2100℃"
"ObjectId(""5b4d2151e6b1a819a85d8abf"")",,,,,,,,,,,,,,,,,"13.2%",,,,,,,,,"",,,,,,,,"Carlson D M. P/M AF115 Dual Property Disk Process Development[C]// Superalloys. 1980:501-511.","10.11961/mater0203.MGI.20171221.ds.0045","尹海清","摘录","张凯琦","2018-01-08","1614h","760℃",,,,,,,"AF115",,,"100Mpa","4h","1190℃","150mm",,,"2英寸","31%","2100℃"
"ObjectId(""5b4d2156e6b1a819a85d8ac1"")",,,,,,,,,,,,,,,,,"13.1%",,,,,,,,,"",,,,,,,,"Carlson D M. P/M AF115 Dual Property Disk Process Development[C]// Superalloys. 1980:501-511.","10.11961/mater0203.MGI.20171221.ds.0045","尹海清","摘录","张凯琦","2018-01-08","1614h","760℃",,,,,,,"AF115",,,"100Mpa","4h","1190℃","150mm",,,"2英寸","28%","2100℃"
"ObjectId(""5b4d215fe6b1a819a85d8ac5"")",,,,,,,,,,,,,,,,,"13.2%",,,,,,,,,"",,,,,,,,"Carlson D M. P/M AF115 Dual Property Disk Process Development[C]// Superalloys. 1980:501-511.","10.11961/mater0203.MGI.20171221.ds.0045","尹海清","摘录","张凯琦","2018-01-08","1614h","760℃",,,,,,,"AF115",,,"100Mpa","4h","1190℃","150mm",,,"2英寸","30%","2100℃"
"ObjectId(""5b4d2164e6b1a819a85d8ac7"")",,,,,,,,,,,,,,,,,"11.4%",,,,,,,,,"",,,,,,,,"Carlson D M. P/M AF115 Dual Property Disk Process Development[C]// Superalloys. 1980:501-511.","10.11961/mater0203.MGI.20171221.ds.0045","尹海清","摘录","张凯琦","2018-01-08","1614h","760℃",,,,,,,"AF115",,,"100Mpa","4h","1190℃","150mm",,,"2英寸","20%","2100℃"
"ObjectId(""5b4d2169e6b1a819a85d8ac9"")",,,,,,,,,,,,,,,,,"12.9%",,,,,,,,,"",,,,,,,,"Carlson D M. P/M AF115 Dual Property Disk Process Development[C]// Superalloys. 1980:501-511.","10.11961/mater0203.MGI.20171221.ds.0045","尹海清","摘录","张凯琦","2018-01-08","1614h","760℃",,,,,,,"AF115",,,"100Mpa","4h","1190℃","150mm",,,"2英寸","27%","2100℃"
"ObjectId(""5b4d216ee6b1a819a85d8acb"")",,,,,,,,,,,,,,,,,"13.4%",,,,,,,,,"",,,,,,,,"Carlson D M. P/M AF115 Dual Property Disk Process Development[C]// Superalloys. 1980:501-511.","10.11961/mater0203.MGI.20171221.ds.0045","尹海清","摘录","张凯琦","2018-01-08","1614h","760℃",,,,,,,"AF115",,,"100Mpa","4h","1190℃","150mm",,,"2英寸","32%","2100℃"
"ObjectId(""5b4d2173e6b1a819a85d8acd"")",,,,,,,,,,,,,,,,,"13.1%",,,,,,,,,"",,,,,,,,"Carlson D M. P/M AF115 Dual Property Disk Process Development[C]// Superalloys. 1980:501-511.","10.11961/mater0203.MGI.20171221.ds.0045","尹海清","摘录","张凯琦","2018-01-08","1614h","760℃",,,,,,,"AF115",,,"100Mpa","4h","1190℃","150mm",,,"2英寸","29%","2100℃"
"ObjectId(""5b4d2178e6b1a819a85d8acf"")",,,,,,,,,,,,,,,,,"12.6%",,,,,,,,,"",,,,,,,,"Carlson D M. P/M AF115 Dual Property Disk Process Development[C]// Superalloys. 1980:501-511.","10.11961/mater0203.MGI.20171221.ds.0045","尹海清","摘录","张凯琦","2018-01-08","1614h","760℃",,,,,,,"AF115",,,"100Mpa","4h","1190℃","150mm",,,"2英寸","26%","2100℃"
"ObjectId(""5b4d217ce6b1a819a85d8ad1"")",,,,,,,,,,,,,,,,,"12.1%",,,,,,,,,"",,,,,,,,"Carlson D M. P/M AF115 Dual Property Disk Process Development[C]// Superalloys. 1980:501-511.","10.11961/mater0203.MGI.20171221.ds.0045","尹海清","摘录","张凯琦","2018-01-08","1614h","760℃",,,,,,,"AF115",,,"100Mpa","4h","1190℃","150mm",,,"2英寸","23%","2100℃"
"ObjectId(""5b4d2242e6b1a819a85d8b1b"")",,,,,,,,,,,,,,,,,"19.41%",,,,,,,,,"",,,,,,,,"Carlson D M. P/M AF115 Dual Property Disk Process Development[C]// Superalloys. 1980:501-511.","10.11961/mater0203.MGI.20171221.ds.0045","尹海清","摘录","张凯琦","2018-01-08","1614h","760℃",,,,,,,"AF115",,,"100Mpa","4h","1190℃","150mm",,,"3英寸","30%","2080℃"
"ObjectId(""5b4d224ce6b1a819a85d8b1f"")",,,,,,,,,,,,,,,,,"20.31%",,,,,,,,,"",,,,,,,,"Carlson D M. P/M AF115 Dual Property Disk Process Development[C]// Superalloys. 1980:501-511.","10.11961/mater0203.MGI.20171221.ds.0045","尹海清","摘录","张凯琦","2018-01-08","1614h","760℃",,,,,,,"AF115",,,"100Mpa","4h","1190℃","150mm",,,"3英寸","30%","2100℃"
"ObjectId(""5b4d225ae6b1a819a85d8b25"")",,,,,,,,,,,,,,,,,"19.66%",,,,,,,,,"",,,,,,,,"Carlson D M. P/M AF115 Dual Property Disk Process Development[C]// Superalloys. 1980:501-511.","10.11961/mater0203.MGI.20171221.ds.0045","尹海清","摘录","张凯琦","2018-01-08","1614h","760℃",,,,,,,"AF115",,,"100Mpa","4h","1190℃","150mm",,,"3英寸","30%","2090℃"
"ObjectId(""5b4d2276e6b1a819a85d8b2d"")",,,,,,,,,,,,,,,,,"18.92%",,,,,,,,,"",,,,,,,,"Carlson D M. P/M AF115 Dual Property Disk Process Development[C]// Superalloys. 1980:501-511.","10.11961/mater0203.MGI.20171221.ds.0045","尹海清","摘录","张凯琦","2018-01-08","1614h","760℃",,,,,,,"AF115",,,"100Mpa","4h","1190℃","150mm",,,"3英寸","30%","2010℃"
"ObjectId(""5b4d227be6b1a819a85d8b2f"")",,,,,,,,,,,,,,,,,"18.96%",,,,,,,,,"",,,,,,,,"Carlson D M. P/M AF115 Dual Property Disk Process Development[C]// Superalloys. 1980:501-511.","10.11961/mater0203.MGI.20171221.ds.0045","尹海清","摘录","张凯琦","2018-01-08","1614h","760℃",,,,,,,"AF115",,,"100Mpa","4h","1190℃","150mm",,,"3英寸","30%","2070℃"
"ObjectId(""5b4d227fe6b1a819a85d8b31"")",,,,,,,,,,,,,,,,,"18.84%",,,,,,,,,"",,,,,,,,"Carlson D M. P/M AF115 Dual Property Disk Process Development[C]// Superalloys. 1980:501-511.","10.11961/mater0203.MGI.20171221.ds.0045","尹海清","摘录","张凯琦","2018-01-08","1614h","760℃",,,,,,,"AF115",,,"100Mpa","4h","1190℃","150mm",,,"3英寸","30%","2040℃"
"ObjectId(""5b4d2284e6b1a819a85d8b33"")",,,,,,,,,,,,,,,,,"12.34%",,,,,,,,,"",,,,,,,,"Carlson D M. P/M AF115 Dual Property Disk Process Development[C]// Superalloys. 1980:501-511.","10.11961/mater0203.MGI.20171221.ds.0045","尹海清","摘录","张凯琦","2018-01-08","1614h","760℃",,,,,,,"AF115",,,"100Mpa","4h","1190℃","150mm",,,"2英寸","30%","2100℃"
"ObjectId(""5b4d2289e6b1a819a85d8b35"")",,,,,,,,,,,,,,,,,"19.12%",,,,,,,,,"",,,,,,,,"Carlson D M. P/M AF115 Dual Property Disk Process Development[C]// Superalloys. 1980:501-511.","10.11961/mater0203.MGI.20171221.ds.0045","尹海清","摘录","张凯琦","2018-01-08","1614h","760℃",,,,,,,"AF115",,,"100Mpa","4h","1190℃","150mm",,,"3英寸","30%","2060℃"
"ObjectId(""5b4d228ee6b1a819a85d8b37"")",,,,,,,,,,,,,,,,,"12.10%",,,,,,,,,"",,,,,,,,"Carlson D M. P/M AF115 Dual Property Disk Process Development[C]// Superalloys. 1980:501-511.","10.11961/mater0203.MGI.20171221.ds.0045","尹海清","摘录","张凯琦","2018-01-08","1614h","760℃",,,,,,,"AF115",,,"100Mpa","4h","1190℃","150mm",,,"2英寸","30%","2090℃"
"ObjectId(""5b4d2293e6b1a819a85d8b39"")",,,,,,,,,,,,,,,,,"19.08%",,,,,,,,,"",,,,,,,,"Carlson D M. P/M AF115 Dual Property Disk Process Development[C]// Superalloys. 1980:501-511.","10.11961/mater0203.MGI.20171221.ds.0045","尹海清","摘录","张凯琦","2018-01-08","1614h","760℃",,,,,,,"AF115",,,"100Mpa","4h","1190℃","150mm",,,"3英寸","30%","2000℃"
"ObjectId(""5b4d2298e6b1a819a85d8b3b"")",,,,,,,,,,,,,,,,,"18.76%",,,,,,,,,"",,,,,,,,"Carlson D M. P/M AF115 Dual Property Disk Process Development[C]// Superalloys. 1980:501-511.","10.11961/mater0203.MGI.20171221.ds.0045","尹海清","摘录","张凯琦","2018-01-08","1614h","760℃",,,,,,,"AF115",,,"100Mpa","4h","1190℃","150mm",,,"3英寸","30%","2020℃"
"ObjectId(""5b4d229de6b1a819a85d8b3d"")",,,,,,,,,,,,,,,,,"18.88%",,,,,,,,,"",,,,,,,,"Carlson D M. P/M AF115 Dual Property Disk Process Development[C]// Superalloys. 1980:501-511.","10.11961/mater0203.MGI.20171221.ds.0045","尹海清","摘录","张凯琦","2018-01-08","1614h","760℃",,,,,,,"AF115",,,"100Mpa","4h","1190℃","150mm",,,"3英寸","30%","2050℃"
"ObjectId(""5b4d22a1e6b1a819a85d8b3f"")",,,,,,,,,,,,,,,,,"11.57%",,,,,,,,,"",,,,,,,,"Carlson D M. P/M AF115 Dual Property Disk Process Development[C]// Superalloys. 1980:501-511.","10.11961/mater0203.MGI.20171221.ds.0045","尹海清","摘录","张凯琦","2018-01-08","1614h","760℃",,,,,,,"AF115",,,"100Mpa","4h","1190℃","150mm",,,"2英寸","30%","2060℃"
"ObjectId(""5b4d22a6e6b1a819a85d8b41"")",,,,,,,,,,,,,,,,,"11.28%",,,,,,,,,"",,,,,,,,"Carlson D M. P/M AF115 Dual Property Disk Process Development[C]// Superalloys. 1980:501-511.","10.11961/mater0203.MGI.20171221.ds.0045","尹海清","摘录","张凯琦","2018-01-08","1614h","760℃",,,,,,,"AF115",,,"100Mpa","4h","1190℃","150mm",,,"2英寸","30%","2040℃"
"ObjectId(""5b4d22abe6b1a819a85d8b43"")",,,,,,,,,,,,,,,,,"11.53%",,,,,,,,,"",,,,,,,,"Carlson D M. P/M AF115 Dual Property Disk Process Development[C]// Superalloys. 1980:501-511.","10.11961/mater0203.MGI.20171221.ds.0045","尹海清","摘录","张凯琦","2018-01-08","1614h","760℃",,,,,,,"AF115",,,"100Mpa","4h","1190℃","150mm",,,"2英寸","30%","2050℃"
"ObjectId(""5b4d22b0e6b1a819a85d8b45"")",,,,,,,,,,,,,,,,,"11.86%",,,,,,,,,"",,,,,,,,"Carlson D M. P/M AF115 Dual Property Disk Process Development[C]// Superalloys. 1980:501-511.","10.11961/mater0203.MGI.20171221.ds.0045","尹海清","摘录","张凯琦","2018-01-08","1614h","760℃",,,,,,,"AF115",,,"100Mpa","4h","1190℃","150mm",,,"2英寸","30%","2080℃"
"ObjectId(""5b4d22b5e6b1a819a85d8b47"")",,,,,,,,,,,,,,,,,"11.61%",,,,,,,,,"",,,,,,,,"Carlson D M. P/M AF115 Dual Property Disk Process Development[C]// Superalloys. 1980:501-511.","10.11961/mater0203.MGI.20171221.ds.0045","尹海清","摘录","张凯琦","2018-01-08","1614h","760℃",,,,,,,"AF115",,,"100Mpa","4h","1190℃","150mm",,,"2英寸","30%","2070℃"
"ObjectId(""5b4d22bae6b1a819a85d8b49"")",,,,,,,,,,,,,,,,,"18.79%",,,,,,,,,"",,,,,,,,"Carlson D M. P/M AF115 Dual Property Disk Process Development[C]// Superalloys. 1980:501-511.","10.11961/mater0203.MGI.20171221.ds.0045","尹海清","摘录","张凯琦","2018-01-08","1614h","760℃",,,,,,,"AF115",,,"100Mpa","4h","1190℃","150mm",,,"3英寸","30%","2030℃"
"ObjectId(""5b4d22cde6b1a819a85d8b4f"")",,,,,,,,,,,,,,,,,"11.41%",,,,,,,,,"",,,,,,,,"Carlson D M. P/M AF115 Dual Property Disk Process Development[C]// Superalloys. 1980:501-511.","10.11961/mater0203.MGI.20171221.ds.0045","尹海清","摘录","张凯琦","2018-01-08","1614h","760℃",,,,,,,"AF115",,,"100Mpa","4h","1190℃","150mm",,,"2英寸","30%","2020℃"
"ObjectId(""5b4d22d2e6b1a819a85d8b51"")",,,,,,,,,,,,,,,,,"11.57%",,,,,,,,,"",,,,,,,,"Carlson D M. P/M AF115 Dual Property Disk Process Development[C]// Superalloys. 1980:501-511.","10.11961/mater0203.MGI.20171221.ds.0045","尹海清","摘录","张凯琦","2018-01-08","1614h","760℃",,,,,,,"AF115",,,"100Mpa","4h","1190℃","150mm",,,"2英寸","30%","2010℃"
"ObjectId(""5b4d22dce6b1a819a85d8b55"")",,,,,,,,,,,,,,,,,"11.45%",,,,,,,,,"",,,,,,,,"Carlson D M. P/M AF115 Dual Property Disk Process Development[C]// Superalloys. 1980:501-511.","10.11961/mater0203.MGI.20171221.ds.0045","尹海清","摘录","张凯琦","2018-01-08","1614h","760℃",,,,,,,"AF115",,,"100Mpa","4h","1190℃","150mm",,,"2英寸","30%","2030℃"
"ObjectId(""5b4d22f9e6b1a819a85d8b61"")",,,,,,,,,,,,,,,,,"11.53%",,,,,,,,,"",,,,,,,,"Carlson D M. P/M AF115 Dual Property Disk Process Development[C]// Superalloys. 1980:501-511.","10.11961/mater0203.MGI.20171221.ds.0045","尹海清","摘录","张凯琦","2018-01-08","1614h","760℃",,,,,,,"AF115",,,"100Mpa","4h","1190℃","150mm",,,"2英寸","30%","2000℃"
"ObjectId(""5b4d2408e6b1a819a85d8bc7"")",,,,,,,,,,,,,,,,,"16.70%",,,"2140℃","4英寸",,,,,"",,,,,,,,"Carlson D M. P/M AF115 Dual Property Disk Process Development[C]// Superalloys. 1980:501-511.","10.11961/mater0203.MGI.20171221.ds.0045","尹海清","摘录","张凯琦","2018-01-08","16h","760℃",,,,,,,"AF115",,,"100Mpa","4h","1190℃","150mm",,,,,
"ObjectId(""5b4d2412e6b1a819a85d8bcb"")",,,,,,,,,,,,,,,,,"17.66%",,,"2120℃","4英寸",,,,,"",,,,,,,,"Carlson D M. P/M AF115 Dual Property Disk Process Development[C]// Superalloys. 1980:501-511.","10.11961/mater0203.MGI.20171221.ds.0045","尹海清","摘录","张凯琦","2018-01-08","16h","760℃",,,,,,,"AF115",,,"100Mpa","4h","1190℃","150mm",,,,,
"ObjectId(""5b4d2430e6b1a819a85d8bd7"")",,,,,,,,,,,,,,,,,"17.18%",,,"2130℃","4英寸",,,,,"",,,,,,,,"Carlson D M. P/M AF115 Dual Property Disk Process Development[C]// Superalloys. 1980:501-511.","10.11961/mater0203.MGI.20171221.ds.0045","尹海清","摘录","张凯琦","2018-01-08","16h","760℃",,,,,,,"AF115",,,"100Mpa","4h","1190℃","150mm",,,,,
"ObjectId(""5b4d2439e6b1a819a85d8bdb"")",,,,,,,,,,,,,,,,,"16.44%",,,"2150℃","4英寸",,,,,"",,,,,,,,"Carlson D M. P/M AF115 Dual Property Disk Process Development[C]// Superalloys. 1980:501-511.","10.11961/mater0203.MGI.20171221.ds.0045","尹海清","摘录","张凯琦","2018-01-08","16h","760℃",,,,,,,"AF115",,,"100Mpa","4h","1190℃","150mm",,,,,
"ObjectId(""5b4d243ee6b1a819a85d8bdd"")",,,,,,,,,,,,,,,,,"17.92%",,,"2110℃","4英寸",,,,,"",,,,,,,,"Carlson D M. P/M AF115 Dual Property Disk Process Development[C]// Superalloys. 1980:501-511.","10.11961/mater0203.MGI.20171221.ds.0045","尹海清","摘录","张凯琦","2018-01-08","16h","760℃",,,,,,,"AF115",,,"100Mpa","4h","1190℃","150mm",,,,,
"ObjectId(""5b4d244de6b1a819a85d8be1"")",,,,,,,,,,,,,,,,,"18.40%",,,"2100℃","4英寸",,,,,"",,,,,,,,"Carlson D M. P/M AF115 Dual Property Disk Process Development[C]// Superalloys. 1980:501-511.","10.11961/mater0203.MGI.20171221.ds.0045","尹海清","摘录","张凯琦","2018-01-08","16h","760℃",,,,,,,"AF115",,,"100Mpa","4h","1190℃","150mm",,,,,
"ObjectId(""5b4d2452e6b1a819a85d8be3"")",,,,,,,,,,,,,,,,,"18.92%",,,"2080℃","4英寸",,,,,"",,,,,,,,"Carlson D M. P/M AF115 Dual Property Disk Process Development[C]// Superalloys. 1980:501-511.","10.11961/mater0203.MGI.20171221.ds.0045","尹海清","摘录","张凯琦","2018-01-08","16h","760℃",,,,,,,"AF115",,,"100Mpa","4h","1190℃","150mm",,,,,
"ObjectId(""5b4d2457e6b1a819a85d8be5"")",,,,,,,,,,,,,,,,,"17.34%",,,"2080℃","2英寸",,,,,"",,,,,,,,"Carlson D M. P/M AF115 Dual Property Disk Process Development[C]// Superalloys. 1980:501-511.","10.11961/mater0203.MGI.20171221.ds.0045","尹海清","摘录","张凯琦","2018-01-08","16h","760℃",,,,,,,"AF115",,,"100Mpa","4h","1190℃","150mm",,,,,
"ObjectId(""5b4d245be6b1a819a85d8be7"")",,,,,,,,,,,,,,,,,"16.76%",,,"2110℃","2英寸",,,,,"",,,,,,,,"Carlson D M. P/M AF115 Dual Property Disk Process Development[C]// Superalloys. 1980:501-511.","10.11961/mater0203.MGI.20171221.ds.0045","尹海清","摘录","张凯琦","2018-01-08","16h","760℃",,,,,,,"AF115",,,"100Mpa","4h","1190℃","150mm",,,,,
"ObjectId(""5b4d2460e6b1a819a85d8be9"")",,,,,,,,,,,,,,,,,"16.80%",,,"2100℃","2英寸",,,,,"",,,,,,,,"Carlson D M. P/M AF115 Dual Property Disk Process Development[C]// Superalloys. 1980:501-511.","10.11961/mater0203.MGI.20171221.ds.0045","尹海清","摘录","张凯琦","2018-01-08","16h","760℃",,,,,,,"AF115",,,"100Mpa","4h","1190℃","150mm",,,,,
"ObjectId(""5b4d2465e6b1a819a85d8beb"")",,,,,,,,,,,,,,,,,"15.25%",,,"2150℃","2英寸",,,,,"",,,,,,,,"Carlson D M. P/M AF115 Dual Property Disk Process Development[C]// Superalloys. 1980:501-511.","10.11961/mater0203.MGI.20171221.ds.0045","尹海清","摘录","张凯琦","2018-01-08","16h","760℃",,,,,,,"AF115",,,"100Mpa","4h","1190℃","150mm",,,,,
"ObjectId(""5b4d246ae6b1a819a85d8bed"")",,,,,,,,,,,,,,,,,"16.27%",,,"2120℃","2英寸",,,,,"",,,,,,,,"Carlson D M. P/M AF115 Dual Property Disk Process Development[C]// Superalloys. 1980:501-511.","10.11961/mater0203.MGI.20171221.ds.0045","尹海清","摘录","张凯琦","2018-01-08","16h","760℃",,,,,,,"AF115",,,"100Mpa","4h","1190℃","150mm",,,,,
"ObjectId(""5b4d246fe6b1a819a85d8bef"")",,,,,,,,,,,,,,,,,"19.01%",,,"2060℃","4英寸",,,,,"",,,,,,,,"Carlson D M. P/M AF115 Dual Property Disk Process Development[C]// Superalloys. 1980:501-511.","10.11961/mater0203.MGI.20171221.ds.0045","尹海清","摘录","张凯琦","2018-01-08","16h","760℃",,,,,,,"AF115",,,"100Mpa","4h","1190℃","150mm",,,,,
"ObjectId(""5b4d2474e6b1a819a85d8bf1"")",,,,,,,,,,,,,,,,,"18.66%",,,"2090℃","4英寸",,,,,"",,,,,,,,"Carlson D M. P/M AF115 Dual Property Disk Process Development[C]// Superalloys. 1980:501-511.","10.11961/mater0203.MGI.20171221.ds.0045","尹海清","摘录","张凯琦","2018-01-08","16h","760℃",,,,,,,"AF115",,,"100Mpa","4h","1190℃","150mm",,,,,
"ObjectId(""5b4d2479e6b1a819a85d8bf3"")",,,,,,,,,,,,,,,,,"16.00%",,,"2130℃","2英寸",,,,,"",,,,,,,,"Carlson D M. P/M AF115 Dual Property Disk Process Development[C]// Superalloys. 1980:501-511.","10.11961/mater0203.MGI.20171221.ds.0045","尹海清","摘录","张凯琦","2018-01-08","16h","760℃",,,,,,,"AF115",,,"100Mpa","4h","1190℃","150mm",,,,,
"ObjectId(""5b4d247ee6b1a819a85d8bf5"")",,,,,,,,,,,,,,,,,"19.05%",,,"2050℃","4英寸",,,,,"",,,,,,,,"Carlson D M. P/M AF115 Dual Property Disk Process Development[C]// Superalloys. 1980:501-511.","10.11961/mater0203.MGI.20171221.ds.0045","尹海清","摘录","张凯琦","2018-01-08","16h","760℃",,,,,,,"AF115",,,"100Mpa","4h","1190℃","150mm",,,,,
"ObjectId(""5b4d2482e6b1a819a85d8bf7"")",,,,,,,,,,,,,,,,,"17.60%",,,"2070℃","2英寸",,,,,"",,,,,,,,"Carlson D M. P/M AF115 Dual Property Disk Process Development[C]// Superalloys. 1980:501-511.","10.11961/mater0203.MGI.20171221.ds.0045","尹海清","摘录","张凯琦","2018-01-08","16h","760℃",,,,,,,"AF115",,,"100Mpa","4h","1190℃","150mm",,,,,
"ObjectId(""5b4d2487e6b1a819a85d8bf9"")",,,,,,,,,,,,,,,,,"18.97%",,,"2070℃","4英寸",,,,,"",,,,,,,,"Carlson D M. P/M AF115 Dual Property Disk Process Development[C]// Superalloys. 1980:501-511.","10.11961/mater0203.MGI.20171221.ds.0045","尹海清","摘录","张凯琦","2018-01-08","16h","760℃",,,,,,,"AF115",,,"100Mpa","4h","1190℃","150mm",,,,,
"ObjectId(""5b4d248ce6b1a819a85d8bfb"")",,,,,,,,,,,,,,,,,"15.51%",,,"2140℃","2英寸",,,,,"",,,,,,,,"Carlson D M. P/M AF115 Dual Property Disk Process Development[C]// Superalloys. 1980:501-511.","10.11961/mater0203.MGI.20171221.ds.0045","尹海清","摘录","张凯琦","2018-01-08","16h","760℃",,,,,,,"AF115",,,"100Mpa","4h","1190℃","150mm",,,,,
"ObjectId(""5b4d2491e6b1a819a85d8bfd"")",,,,,,,,,,,,,,,,,"17.29%",,,"2090℃","2英寸",,,,,"",,,,,,,,"Carlson D M. P/M AF115 Dual Property Disk Process Development[C]// Superalloys. 1980:501-511.","10.11961/mater0203.MGI.20171221.ds.0045","尹海清","摘录","张凯琦","2018-01-08","16h","760℃",,,,,,,"AF115",,,"100Mpa","4h","1190℃","150mm",,,,,
"ObjectId(""5b4d249be6b1a819a85d8bff"")",,,,,,,,,,,,,,,,,"15.27%",,,"2120℃","1英寸",,,,,"",,,,,,,,"Carlson D M. P/M AF115 Dual Property Disk Process Development[C]// Superalloys. 1980:501-511.","10.11961/mater0203.MGI.20171221.ds.0045","尹海清","摘录","张凯琦","2018-01-08","16h","760℃",,,,,,,"AF115",,,"100Mpa","4h","1190℃","150mm",,,,,
"ObjectId(""5b4d24a0e6b1a819a85d8c01"")",,,,,,,,,,,,,,,,,"16.39%",,,"2060℃","1英寸",,,,,"",,,,,,,,"Carlson D M. P/M AF115 Dual Property Disk Process Development[C]// Superalloys. 1980:501-511.","10.11961/mater0203.MGI.20171221.ds.0045","尹海清","摘录","张凯琦","2018-01-08","16h","760℃",,,,,,,"AF115",,,"100Mpa","4h","1190℃","150mm",,,,,
"ObjectId(""5b4d24a5e6b1a819a85d8c03"")",,,,,,,,,,,,,,,,,"15.53%",,,"2110℃","1英寸",,,,,"",,,,,,,,"Carlson D M. P/M AF115 Dual Property Disk Process Development[C]// Superalloys. 1980:501-511.","10.11961/mater0203.MGI.20171221.ds.0045","尹海清","摘录","张凯琦","2018-01-08","16h","760℃",,,,,,,"AF115",,,"100Mpa","4h","1190℃","150mm",,,,,
"ObjectId(""5b4d24a9e6b1a819a85d8c05"")",,,,,,,,,,,,,,,,,"13.83%",,,"2150℃","1英寸",,,,,"",,,,,,,,"Carlson D M. P/M AF115 Dual Property Disk Process Development[C]// Superalloys. 1980:501-511.","10.11961/mater0203.MGI.20171221.ds.0045","尹海清","摘录","张凯琦","2018-01-08","16h","760℃",,,,,,,"AF115",,,"100Mpa","4h","1190℃","150mm",,,,,
"ObjectId(""5b4d24aee6b1a819a85d8c07"")",,,,,,,,,,,,,,,,,"16.31%",,,"2080℃","1英寸",,,,,"",,,,,,,,"Carlson D M. P/M AF115 Dual Property Disk Process Development[C]// Superalloys. 1980:501-511.","10.11961/mater0203.MGI.20171221.ds.0045","尹海清","摘录","张凯琦","2018-01-08","16h","760℃",,,,,,,"AF115",,,"100Mpa","4h","1190℃","150mm",,,,,
"ObjectId(""5b4d24b8e6b1a819a85d8c0b"")",,,,,,,,,,,,,,,,,"17.69%",,,"2050℃","2英寸",,,,,"",,,,,,,,"Carlson D M. P/M AF115 Dual Property Disk Process Development[C]// Superalloys. 1980:501-511.","10.11961/mater0203.MGI.20171221.ds.0045","尹海清","摘录","张凯琦","2018-01-08","16h","760℃",,,,,,,"AF115",,,"100Mpa","4h","1190℃","150mm",,,,,
"ObjectId(""5b4d24bde6b1a819a85d8c0d"")",,,,,,,,,,,,,,,,,"16.35%",,,"2070℃","1英寸",,,,,"",,,,,,,,"Carlson D M. P/M AF115 Dual Property Disk Process Development[C]// Superalloys. 1980:501-511.","10.11961/mater0203.MGI.20171221.ds.0045","尹海清","摘录","张凯琦","2018-01-08","16h","760℃",,,,,,,"AF115",,,"100Mpa","4h","1190℃","150mm",,,,,
"ObjectId(""5b4d24c2e6b1a819a85d8c0f"")",,,,,,,,,,,,,,,,,"14.31%",,,"2140℃","1英寸",,,,,"",,,,,,,,"Carlson D M. P/M AF115 Dual Property Disk Process Development[C]// Superalloys. 1980:501-511.","10.11961/mater0203.MGI.20171221.ds.0045","尹海清","摘录","张凯琦","2018-01-08","16h","760℃",,,,,,,"AF115",,,"100Mpa","4h","1190℃","150mm",,,,,
"ObjectId(""5b4d24c7e6b1a819a85d8c11"")",,,,,,,,,,,,,,,,,"16.45%",,,"2050℃","1英寸",,,,,"",,,,,,,,"Carlson D M. P/M AF115 Dual Property Disk Process Development[C]// Superalloys. 1980:501-511.","10.11961/mater0203.MGI.20171221.ds.0045","尹海清","摘录","张凯琦","2018-01-08","16h","760℃",,,,,,,"AF115",,,"100Mpa","4h","1190℃","150mm",,,,,
"ObjectId(""5b4d24cce6b1a819a85d8c13"")",,,,,,,,,,,,,,,,,"16.05%",,,"2090℃","1英寸",,,,,"",,,,,,,,"Carlson D M. P/M AF115 Dual Property Disk Process Development[C]// Superalloys. 1980:501-511.","10.11961/mater0203.MGI.20171221.ds.0045","尹海清","摘录","张凯琦","2018-01-08","16h","760℃",,,,,,,"AF115",,,"100Mpa","4h","1190℃","150mm",,,,,
"ObjectId(""5b4d24d1e6b1a819a85d8c15"")",,,,,,,,,,,,,,,,,"15.79%",,,"2100℃","1英寸",,,,,"",,,,,,,,"Carlson D M. P/M AF115 Dual Property Disk Process Development[C]// Superalloys. 1980:501-511.","10.11961/mater0203.MGI.20171221.ds.0045","尹海清","摘录","张凯琦","2018-01-08","16h","760℃",,,,,,,"AF115",,,"100Mpa","4h","1190℃","150mm",,,,,
"ObjectId(""5b4d24d5e6b1a819a85d8c17"")",,,,,,,,,,,,,,,,,"17.65%",,,"2060℃","2英寸",,,,,"",,,,,,,,"Carlson D M. P/M AF115 Dual Property Disk Process Development[C]// Superalloys. 1980:501-511.","10.11961/mater0203.MGI.20171221.ds.0045","尹海清","摘录","张凯琦","2018-01-08","16h","760℃",,,,,,,"AF115",,,"100Mpa","4h","1190℃","150mm",,,,,
"ObjectId(""5b4d24dae6b1a819a85d8c19"")",,,,,,,,,,,,,,,,,"14.79%",,,"2130℃","1英寸",,,,,"",,,,,,,,"Carlson D M. P/M AF115 Dual Property Disk Process Development[C]// Superalloys. 1980:501-511.","10.11961/mater0203.MGI.20171221.ds.0045","尹海清","摘录","张凯琦","2018-01-08","16h","760℃",,,,,,,"AF115",,,"100Mpa","4h","1190℃","150mm",,,,,
"ObjectId(""5b4d2598e6b1a819a85d8c5f"")",,,,,,,,,,,,,,,,,"13.2%",,,,,,,,,"",,,,,,,,"Carlson D M. P/M AF115 Dual Property Disk Process Development[C]// Superalloys. 1980:501-511.","10.11961/mater0203.MGI.20171221.ds.0045","尹海清","摘录","张凯琦","2018-01-08","16h","760℃",,,,,,,"AF115",,,"100Mpa","4h","1190℃","150mm",,,,"40%","2050℃"
"ObjectId(""5b4d259de6b1a819a85d8c61"")",,,,,,,,,,,,,,,,,"15.8%",,,,,,,,,"",,,,,,,,"Carlson D M. P/M AF115 Dual Property Disk Process Development[C]// Superalloys. 1980:501-511.","10.11961/mater0203.MGI.20171221.ds.0045","尹海清","摘录","张凯琦","2018-01-08","16h","760℃",,,,,,,"AF115",,,"100Mpa","4h","1190℃","150mm",,,,"40%","2100℃"
"ObjectId(""5b4d25a2e6b1a819a85d8c63"")",,,,,,,,,,,,,,,,,"13.6%",,,,,,,,,"",,,,,,,,"Carlson D M. P/M AF115 Dual Property Disk Process Development[C]// Superalloys. 1980:501-511.","10.11961/mater0203.MGI.20171221.ds.0045","尹海清","摘录","张凯琦","2018-01-08","16h","760℃",,,,,,,"AF115",,,"100Mpa","4h","1190℃","150mm",,,,"41%","2010℃"
"ObjectId(""5b4d25a7e6b1a819a85d8c65"")",,,,,,,,,,,,,,,,,"17.9%",,,,,,,,,"",,,,,,,,"Carlson D M. P/M AF115 Dual Property Disk Process Development[C]// Superalloys. 1980:501-511.","10.11961/mater0203.MGI.20171221.ds.0045","尹海清","摘录","张凯琦","2018-01-08","16h","760℃",,,,,,,"AF115",,,"100Mpa","4h","1190℃","150mm",,,,"20%","2000℃"
"ObjectId(""5b4d25ace6b1a819a85d8c67"")",,,,,,,,,,,,,,,,,"12.9%",,,,,,,,,"",,,,,,,,"Carlson D M. P/M AF115 Dual Property Disk Process Development[C]// Superalloys. 1980:501-511.","10.11961/mater0203.MGI.20171221.ds.0045","尹海清","摘录","张凯琦","2018-01-08","16h","760℃",,,,,,,"AF115",,,"100Mpa","4h","1190℃","150mm",,,,"34%","2000℃"
"ObjectId(""5b4d25bfe6b1a819a85d8c6f"")",,,,,,,,,,,,,,,,,"18%",,,,,,,,,"",,,,,,,,"Carlson D M. P/M AF115 Dual Property Disk Process Development[C]// Superalloys. 1980:501-511.","10.11961/mater0203.MGI.20171221.ds.0045","尹海清","摘录","张凯琦","2018-01-08","16h","760℃",,,,,,,"AF115",,,"100Mpa","4h","1190℃","150mm",,,,"30%","2100℃"
"ObjectId(""5b4d25c4e6b1a819a85d8c71"")",,,,,,,,,,,,,,,,,"21.3%",,,,,,,,,"",,,,,,,,"Carlson D M. P/M AF115 Dual Property Disk Process Development[C]// Superalloys. 1980:501-511.","10.11961/mater0203.MGI.20171221.ds.0045","尹海清","摘录","张凯琦","2018-01-08","16h","760℃",,,,,,,"AF115",,,"100Mpa","4h","1190℃","150mm",,,,"42%","2000℃"
"ObjectId(""5b4d25c9e6b1a819a85d8c73"")",,,,,,,,,,,,,,,,,"18.1%",,,,,,,,,"",,,,,,,,"Carlson D M. P/M AF115 Dual Property Disk Process Development[C]// Superalloys. 1980:501-511.","10.11961/mater0203.MGI.20171221.ds.0045","尹海清","摘录","张凯琦","2018-01-08","16h","760℃",,,,,,,"AF115",,,"100Mpa","4h","1190℃","150mm",,,,"30%","2100℃"
"ObjectId(""5b4d25dce6b1a819a85d8c79"")",,,,,,,,,,,,,,,,,"20%",,,,,,,,,"",,,,,,,,"Carlson D M. P/M AF115 Dual Property Disk Process Development[C]// Superalloys. 1980:501-511.","10.11961/mater0203.MGI.20171221.ds.0045","尹海清","摘录","张凯琦","2018-01-08","16h","760℃",,,,,,,"AF115",,,"100Mpa","4h","1190℃","150mm",,,,"43%","2000℃"
"ObjectId(""5b4d25f0e6b1a819a85d8c81"")",,,,,,,,,,,,,,,,,"12.7%",,,,,,,,,"",,,,,,,,"Carlson D M. P/M AF115 Dual Property Disk Process Development[C]// Superalloys. 1980:501-511.","10.11961/mater0203.MGI.20171221.ds.0045","尹海清","摘录","张凯琦","2018-01-08","16h","760℃",,,,,,,"AF115",,,"100Mpa","4h","1190℃","150mm",,,,"34%","2000℃"
"ObjectId(""5b4d25f5e6b1a819a85d8c83"")",,,,,,,,,,,,,,,,,"13.6%",,,,,,,,,"",,,,,,,,"Carlson D M. P/M AF115 Dual Property Disk Process Development[C]// Superalloys. 1980:501-511.","10.11961/mater0203.MGI.20171221.ds.0045","尹海清","摘录","张凯琦","2018-01-08","16h","760℃",,,,,,,"AF115",,,"100Mpa","4h","1190℃","150mm",,,,"33%","2050℃"
"ObjectId(""5b4d2612e6b1a819a85d8c8f"")",,,,,,,,,,,,,,,,,"18.4%",,,,,,,,,"",,,,,,,,"Carlson D M. P/M AF115 Dual Property Disk Process Development[C]// Superalloys. 1980:501-511.","10.11961/mater0203.MGI.20171221.ds.0045","尹海清","摘录","张凯琦","2018-01-08","16h","760℃",,,,,,,"AF115",,,"100Mpa","4h","1190℃","150mm",,,,"42%","2050℃"
"ObjectId(""5b4d2617e6b1a819a85d8c91"")",,,,,,,,,,,,,,,,,"12.3%",,,,,,,,,"",,,,,,,,"Carlson D M. P/M AF115 Dual Property Disk Process Development[C]// Superalloys. 1980:501-511.","10.11961/mater0203.MGI.20171221.ds.0045","尹海清","摘录","张凯琦","2018-01-08","16h","760℃",,,,,,,"AF115",,,"100Mpa","4h","1190℃","150mm",,,,"41%","2000℃"
"ObjectId(""5b4d9fa0e6b1a815d464fa94"")","1.42","0.003","0.027wt.%","13.1","19.7",,,"4.04",,"balance",,"3.09",,"0.06",,,"29.1627%",,,,,"4h","1024℃","24h","1190℃","",,,"20℃",,,,,"Maurer G E, Jackman L A, Domingue J A. ROLE OF COBALT IN WASPALOY[J]. Superalloys, 1980.","10.11961/mater0203.MGI.20171221.ds.0001","尹海清","摘录","邓正华","2018-01-08",,,,,"4h","847℃","16h","760℃","Waspaloy",,,,,,,"1150℃","1093℃",,,
"ObjectId(""5b4d9fa5e6b1a815d464fa96"")","1.37","0.002","0.025wt.%","7.8","19.6",,,"3.99",,"balance",,"3.04",,"0.06",,,"20.2405%",,,,,"4h","1024℃","24h","1190℃","",,,"20℃",,,,,"Maurer G E, Jackman L A, Domingue J A. ROLE OF COBALT IN WASPALOY[J]. Superalloys, 1980.","10.11961/mater0203.MGI.20171221.ds.0001","尹海清","摘录","邓正华","2018-01-08",,,,,"4h","847℃","16h","760℃","Waspaloy",,,,,,,"1150℃","1093℃",,,
"ObjectId(""5b4d9faae6b1a815d464fa98"")","1.32","0.003","0.035wt.%","10","19.4",,,"4.02",,"balance",,"3.05",,"0.06",,,"25.2104%",,,,,"4h","1024℃","24h","1190℃","",,,"20℃",,,,,"Maurer G E, Jackman L A, Domingue J A. ROLE OF COBALT IN WASPALOY[J]. Superalloys, 1980.","10.11961/mater0203.MGI.20171221.ds.0001","尹海清","摘录","邓正华","2018-01-08",,,,,"4h","847℃","16h","760℃","Waspaloy",,,,,,,"1150℃","1093℃",,,
"ObjectId(""5b4d9fcce6b1a815d464faa6"")","1.42","0.003","0.027wt.%","13.1","19.7",,,"4.04",,"balance",,"3.09",,"0.06",,,"24.5056%",,,,,"4h","1016℃","24h","1190℃","",,,"20℃",,,,,"Maurer G E, Jackman L A, Domingue J A. ROLE OF COBALT IN WASPALOY[J]. Superalloys, 1980.","10.11961/mater0203.MGI.20171221.ds.0001","尹海清","摘录","邓正华","2018-01-08",,,,,"4h","847℃","16h","760℃","Waspaloy",,,,,,,"1150℃","1093℃",,,
"ObjectId(""5b4d9fd1e6b1a815d464faa8"")","1.35","0.004","0.031wt.%","12.4","19.4",,,"4.05",,"balance",,"3.07",,"0.06",,,"26.046%",,,,,"4h","1024℃","24h","1190℃","",,,"20℃",,,,,"Maurer G E, Jackman L A, Domingue J A. ROLE OF COBALT IN WASPALOY[J]. Superalloys, 1980.","10.11961/mater0203.MGI.20171221.ds.0001","尹海清","摘录","邓正华","2018-01-08",,,,,"4h","847℃","16h","760℃","Waspaloy",,,,,,,"1150℃","1093℃",,,
"ObjectId(""5b4d9fdbe6b1a815d464faaa"")","1.32","0.003","0.035wt.%","10","19.4",,,"4.02",,"balance",,"3.05",,"0.06",,,"26.8526%",,,,,"4h","1010℃","24h","1190℃","",,,"20℃",,,,,"Maurer G E, Jackman L A, Domingue J A. ROLE OF COBALT IN WASPALOY[J]. Superalloys, 1980.","10.11961/mater0203.MGI.20171221.ds.0001","尹海清","摘录","邓正华","2018-01-08",,,,,"4h","847℃","16h","760℃","Waspaloy",,,,,,,"1150℃","1093℃",,,
"ObjectId(""5b4d9fe0e6b1a815d464faac"")","1.33","0.003","0.036wt.%","8.1","19.3",,,"3.99",,"balance",,"3.01",,"0.06",,,"28.5961%",,,,,"4h","1010℃","24h","1190℃","",,,"20℃",,,,,"Maurer G E, Jackman L A, Domingue J A. ROLE OF COBALT IN WASPALOY[J]. Superalloys, 1980.","10.11961/mater0203.MGI.20171221.ds.0001","尹海清","摘录","邓正华","2018-01-08",,,,,"4h","847℃","16h","760℃","Waspaloy",,,,,,,"1150℃","1093℃",,,
"ObjectId(""5b4d9fe4e6b1a815d464faae"")","1.36","0.001","0.038wt.%","3.6","19.5",,,"3.93",,"balance",,"3.02",,"0.06",,,"29.4789%",,,,,"4h","1010℃","24h","1190℃","",,,"20℃",,,,,"Maurer G E, Jackman L A, Domingue J A. ROLE OF COBALT IN WASPALOY[J]. Superalloys, 1980.","10.11961/mater0203.MGI.20171221.ds.0001","尹海清","摘录","邓正华","2018-01-08",,,,,"4h","847℃","16h","760℃","Waspaloy",,,,,,,"1150℃","1093℃",,,
"ObjectId(""5b4d9feae6b1a815d464fab0"")","1.37","0.002","0.025wt.%","7.8","19.6",,,"3.99",,"balance",,"3.04",,"0.06",,,"22.7061%",,,,,"4h","1010℃","24h","1190℃","",,,"20℃",,,,,"Maurer G E, Jackman L A, Domingue J A. ROLE OF COBALT IN WASPALOY[J]. Superalloys, 1980.","10.11961/mater0203.MGI.20171221.ds.0001","尹海清","摘录","邓正华","2018-01-08",,,,,"4h","847℃","16h","760℃","Waspaloy",,,,,,,"1150℃","1093℃",,,
"ObjectId(""5b4d9fefe6b1a815d464fab2"")","1.35","0.004","0.031wt.%","12.4","19.4",,,"4.05",,"balance",,"3.07",,"0.06",,,"23.3065%",,,,,"4h","1010℃","24h","1190℃","",,,"20℃",,,,,"Maurer G E, Jackman L A, Domingue J A. ROLE OF COBALT IN WASPALOY[J]. Superalloys, 1980.","10.11961/mater0203.MGI.20171221.ds.0001","尹海清","摘录","邓正华","2018-01-08",,,,,"4h","847℃","16h","760℃","Waspaloy",,,,,,,"1150℃","1093℃",,,
"ObjectId(""5b4d9ff3e6b1a815d464fab4"")","1.33","0.003","0.036wt.%","8.1","19.3",,,"3.99",,"balance",,"3.01",,"0.06",,,"26.1305%",,,,,"4h","1010℃","24h","1190℃","",,,"20℃",,,,,"Maurer G E, Jackman L A, Domingue J A. ROLE OF COBALT IN WASPALOY[J]. Superalloys, 1980.","10.11961/mater0203.MGI.20171221.ds.0001","尹海清","摘录","邓正华","2018-01-08",,,,,"4h","847℃","16h","760℃","Waspaloy",,,,,,,"1150℃","1093℃",,,
"ObjectId(""5b4d9ff8e6b1a815d464fab6"")","1.42","0.003","0.027wt.%","13.1","19.7",,,"4.04",,"balance",,"3.09",,"0.06",,,"22.9988%",,,,,"4h","1010℃","24h","1190℃","",,,"20℃",,,,,"Maurer G E, Jackman L A, Domingue J A. ROLE OF COBALT IN WASPALOY[J]. Superalloys, 1980.","10.11961/mater0203.MGI.20171221.ds.0001","尹海清","摘录","邓正华","2018-01-08",,,,,"4h","847℃","16h","760℃","Waspaloy",,,,,,,"1150℃","1093℃",,,
"ObjectId(""5b4d9ffde6b1a815d464fab8"")","1.35","0.004","0.031wt.%","12.4","19.4",,,"4.05",,"balance",,"3.07",,"0.06",,,"21.1134%",,,,,"4h","1016℃","24h","1190℃","",,,"20℃",,,,,"Maurer G E, Jackman L A, Domingue J A. ROLE OF COBALT IN WASPALOY[J]. Superalloys, 1980.","10.11961/mater0203.MGI.20171221.ds.0001","尹海清","摘录","邓正华","2018-01-08",,,,,"4h","847℃","16h","760℃","Waspaloy",,,,,,,"1150℃","1093℃",,,
"ObjectId(""5b4da002e6b1a815d464faba"")","1.33","0.003","0.036wt.%","8.1","19.3",,,"3.99",,"balance",,"3.01",,"0.06",,,"24.7607%",,,,,"4h","1016℃","24h","1190℃","",,,"20℃",,,,,"Maurer G E, Jackman L A, Domingue J A. ROLE OF COBALT IN WASPALOY[J]. Superalloys, 1980.","10.11961/mater0203.MGI.20171221.ds.0001","尹海清","摘录","邓正华","2018-01-08",,,,,"4h","847℃","16h","760℃","Waspaloy",,,,,,,"1150℃","1093℃",,,
"ObjectId(""5b4da007e6b1a815d464fabc"")","1.32","0.003","0.035wt.%","10","19.4",,,"4.02",,"balance",,"3.05",,"0.06",,,"25.4829%",,,,,"4h","1010℃","24h","1190℃","",,,"20℃",,,,,"Maurer G E, Jackman L A, Domingue J A. ROLE OF COBALT IN WASPALOY[J]. Superalloys, 1980.","10.11961/mater0203.MGI.20171221.ds.0001","尹海清","摘录","邓正华","2018-01-08",,,,,"4h","847℃","16h","760℃","Waspaloy",,,,,,,"1150℃","1093℃",,,
"ObjectId(""5b4da00ce6b1a815d464fabe"")","1.34","0.003","0.033wt.%","5.8","18.9",,,"3.92",,"balance",,"2.94",,"0.06",,,"26.0918%",,,,,"4h","1010℃","24h","1190℃","",,,"20℃",,,,,"Maurer G E, Jackman L A, Domingue J A. ROLE OF COBALT IN WASPALOY[J]. Superalloys, 1980.","10.11961/mater0203.MGI.20171221.ds.0001","尹海清","摘录","邓正华","2018-01-08",,,,,"4h","847℃","16h","760℃","Waspaloy",,,,,,,"1150℃","1093℃",,,
"ObjectId(""5b4da011e6b1a815d464fac0"")","1.42","0.003","0.027wt.%","13.1","19.7",,,"4.04",,"balance",,"3.09",,"0.06",,,"26.0123%",,,,,"4h","1010℃","24h","1190℃","",,,"20℃",,,,,"Maurer G E, Jackman L A, Domingue J A. ROLE OF COBALT IN WASPALOY[J]. Superalloys, 1980.","10.11961/mater0203.MGI.20171221.ds.0001","尹海清","摘录","邓正华","2018-01-08",,,,,"4h","847℃","16h","760℃","Waspaloy",,,,,,,"1150℃","1093℃",,,
"ObjectId(""5b4da016e6b1a815d464fac2"")","1.32","0.003","0.035wt.%","10","19.4",,,"4.02",,"balance",,"3.05",,"0.06",,,"23.5667%",,,,,"4h","1016℃","24h","1190℃","",,,"20℃",,,,,"Maurer G E, Jackman L A, Domingue J A. ROLE OF COBALT IN WASPALOY[J]. Superalloys, 1980.","10.11961/mater0203.MGI.20171221.ds.0001","尹海清","摘录","邓正华","2018-01-08",,,,,"4h","847℃","16h","760℃","Waspaloy",,,,,,,"1150℃","1093℃",,,
"ObjectId(""5b4da01be6b1a815d464fac4"")","1.35","0.004","0.031wt.%","12.4","19.4",,,"4.05",,"balance",,"3.07",,"0.06",,,"27.8267%",,,,,"4h","1010℃","24h","1190℃","",,,"20℃",,,,,"Maurer G E, Jackman L A, Domingue J A. ROLE OF COBALT IN WASPALOY[J]. Superalloys, 1980.","10.11961/mater0203.MGI.20171221.ds.0001","尹海清","摘录","邓正华","2018-01-08",,,,,"4h","847℃","16h","760℃","Waspaloy",,,,,,,"1150℃","1093℃",,,
"ObjectId(""5b4da020e6b1a815d464fac6"")","1.42","0.003","0.027wt.%","13.1","19.7",,,"4.04",,"balance",,"3.09",,"0.06",,,"27.3821%",,,,,"4h","1010℃","24h","1190℃","",,,"20℃",,,,,"Maurer G E, Jackman L A, Domingue J A. ROLE OF COBALT IN WASPALOY[J]. Superalloys, 1980.","10.11961/mater0203.MGI.20171221.ds.0001","尹海清","摘录","邓正华","2018-01-08",,,,,"4h","847℃","16h","760℃","Waspaloy",,,,,,,"1150℃","1093℃",,,
"ObjectId(""5b4da02ae6b1a815d464fac8"")","1.37","0.001","0.028wt.%","0.01","19.5",,,"3.9",,"balance",,"3.02",,"0.06",,,"28.3072%",,,,,"4h","1010℃","24h","1190℃","",,,"20℃",,,,,"Maurer G E, Jackman L A, Domingue J A. ROLE OF COBALT IN WASPALOY[J]. Superalloys, 1980.","10.11961/mater0203.MGI.20171221.ds.0001","尹海清","摘录","邓正华","2018-01-08",,,,,"4h","847℃","16h","760℃","Waspaloy",,,,,,,"1150℃","1093℃",,,
"ObjectId(""5b4da02fe6b1a815d464faca"")","1.35","0.004","0.036wt.%","13.2","19.4",,,"4.05",,"balance",,"3.07",,"0.06",,,"24.732%",,,,,"4h","1010℃","24h","1190℃","",,,"538℃",,,,,"Maurer G E, Jackman L A, Domingue J A. ROLE OF COBALT IN WASPALOY[J]. Superalloys, 1980.","10.11961/mater0203.MGI.20171221.ds.0001","尹海清","摘录","邓正华","2018-01-08",,,,,"4h","847℃","16h","760℃","Waspaloy",,,,,,,"1150℃","1093℃",,,
"ObjectId(""5b4da034e6b1a815d464facc"")","1.35","0.004","0.031wt.%","12.4","19.4",,,"4.05",,"balance",,"3.07",,"0.06",,,"24.7524%",,,,,"4h","1010℃","24h","1190℃","",,,"538℃",,,,,"Maurer G E, Jackman L A, Domingue J A. ROLE OF COBALT IN WASPALOY[J]. Superalloys, 1980.","10.11961/mater0203.MGI.20171221.ds.0001","尹海清","摘录","邓正华","2018-01-08",,,,,"4h","847℃","16h","760℃","Waspaloy",,,,,,,"1150℃","1093℃",,,
"ObjectId(""5b4da039e6b1a815d464face"")","1.37","0.002","0.025wt.%","7.8","19.6",,,"3.99",,"balance",,"3.04",,"0.06",,,"24.3356%",,,,,"4h","1010℃","24h","1190℃","",,,"538℃",,,,,"Maurer G E, Jackman L A, Domingue J A. ROLE OF COBALT IN WASPALOY[J]. Superalloys, 1980.","10.11961/mater0203.MGI.20171221.ds.0001","尹海清","摘录","邓正华","2018-01-08",,,,,"4h","847℃","16h","760℃","Waspaloy",,,,,,,"1150℃","1093℃",,,
"ObjectId(""5b4da03de6b1a815d464fad0"")","1.35","0.004","0.031wt.%","12.4","19.4",,,"4.05",,"balance",,"3.07",,"0.06",,,"22.9646%",,,,,"4h","1010℃","24h","1190℃","",,,"538℃",,,,,"Maurer G E, Jackman L A, Domingue J A. ROLE OF COBALT IN WASPALOY[J]. Superalloys, 1980.","10.11961/mater0203.MGI.20171221.ds.0001","尹海清","摘录","邓正华","2018-01-08",,,,,"4h","847℃","16h","760℃","Waspaloy",,,,,,,"1150℃","1093℃",,,
"ObjectId(""5b4da042e6b1a815d464fad2"")","1.35","0.004","0.036wt.%","13.2","19.4",,,"4.05",,"balance",,"3.07",,"0.06",,,"22.6702%",,,,,"4h","1010℃","24h","1190℃","",,,"538℃",,,,,"Maurer G E, Jackman L A, Domingue J A. ROLE OF COBALT IN WASPALOY[J]. Superalloys, 1980.","10.11961/mater0203.MGI.20171221.ds.0001","尹海清","摘录","邓正华","2018-01-08",,,,,"4h","847℃","16h","760℃","Waspaloy",,,,,,,"1150℃","1093℃",,,
"ObjectId(""5b4da047e6b1a815d464fad4"")","1.37","0.002","0.025wt.%","7.8","19.6",,,"3.99",,"balance",,"3.04",,"0.06",,,"23.2359%",,,,,"4h","1010℃","24h","1190℃","",,,"538℃",,,,,"Maurer G E, Jackman L A, Domingue J A. ROLE OF COBALT IN WASPALOY[J]. Superalloys, 1980.","10.11961/mater0203.MGI.20171221.ds.0001","尹海清","摘录","邓正华","2018-01-08",,,,,"4h","847℃","16h","760℃","Waspaloy",,,,,,,"1150℃","1093℃",,,
"ObjectId(""5b4da04ce6b1a815d464fad6"")","1.37","0.001","0.026wt.%","3.5","19.6",,,"3.93",,"balance",,"3",,"0.06",,,"26.1915%",,,,,"4h","1010℃","24h","1190℃","",,,"20℃",,,,,"Maurer G E, Jackman L A, Domingue J A. ROLE OF COBALT IN WASPALOY[J]. Superalloys, 1980.","10.11961/mater0203.MGI.20171221.ds.0001","尹海清","摘录","邓正华","2018-01-08",,,,,"4h","847℃","16h","760℃","Waspaloy",,,,,,,"1150℃","1093℃",,,
"ObjectId(""5b4da051e6b1a815d464fad8"")","1.34","0.003","0.033wt.%","5.8","18.9",,,"3.92",,"balance",,"2.94",,"0.06",,,"24.6699%",,,,,"4h","1010℃","24h","1190℃","",,,"538℃",,,,,"Maurer G E, Jackman L A, Domingue J A. ROLE OF COBALT IN WASPALOY[J]. Superalloys, 1980.","10.11961/mater0203.MGI.20171221.ds.0001","尹海清","摘录","邓正华","2018-01-08",,,,,"4h","847℃","16h","760℃","Waspaloy",,,,,,,"1150℃","1093℃",,,
"ObjectId(""5b4da056e6b1a815d464fada"")","1.34","0.003","0.033wt.%","5.8","18.9",,,"3.92",,"balance",,"2.94",,"0.06",,,"19.9973%",,,,,"4h","1010℃","24h","1190℃","",,,"538℃",,,,,"Maurer G E, Jackman L A, Domingue J A. ROLE OF COBALT IN WASPALOY[J]. Superalloys, 1980.","10.11961/mater0203.MGI.20171221.ds.0001","尹海清","摘录","邓正华","2018-01-08",,,,,"4h","847℃","16h","760℃","Waspaloy",,,,,,,"1150℃","1093℃",,,
"ObjectId(""5b4da05be6b1a815d464fadc"")","1.36","0.001","0.038wt.%","3.6","19.5",,,"3.93",,"balance",,"3.02",,"0.06",,,"23.2209%",,,,,"4h","1010℃","24h","1190℃","",,,"538℃",,,,,"Maurer G E, Jackman L A, Domingue J A. ROLE OF COBALT IN WASPALOY[J]. Superalloys, 1980.","10.11961/mater0203.MGI.20171221.ds.0001","尹海清","摘录","邓正华","2018-01-08",,,,,"4h","847℃","16h","760℃","Waspaloy",,,,,,,"1150℃","1093℃",,,
"ObjectId(""5b4da060e6b1a815d464fade"")","1.32","0.003","0.035wt.%","10","19.4",,,"4.02",,"balance",,"3.05",,"0.06",,,"22.9034%",,,,,"4h","1010℃","24h","1190℃","",,,"538℃",,,,,"Maurer G E, Jackman L A, Domingue J A. ROLE OF COBALT IN WASPALOY[J]. Superalloys, 1980.","10.11961/mater0203.MGI.20171221.ds.0001","尹海清","摘录","邓正华","2018-01-08",,,,,"4h","847℃","16h","760℃","Waspaloy",,,,,,,"1150℃","1093℃",,,
"ObjectId(""5b4da065e6b1a815d464fae0"")","1.36","0.001","0.038wt.%","3.6","19.5",,,"3.93",,"balance",,"3.02",,"0.06",,,"22.3961%",,,,,"4h","1010℃","24h","1190℃","",,,"538℃",,,,,"Maurer G E, Jackman L A, Domingue J A. ROLE OF COBALT IN WASPALOY[J]. Superalloys, 1980.","10.11961/mater0203.MGI.20171221.ds.0001","尹海清","摘录","邓正华","2018-01-08",,,,,"4h","847℃","16h","760℃","Waspaloy",,,,,,,"1150℃","1093℃",,,
"ObjectId(""5b4da06ae6b1a815d464fae2"")","1.32","0.003","0.035wt.%","10","19.4",,,"4.02",,"balance",,"3.05",,"0.06",,,"24.826%",,,,,"4h","1010℃","24h","1190℃","",,,"538℃",,,,,"Maurer G E, Jackman L A, Domingue J A. ROLE OF COBALT IN WASPALOY[J]. Superalloys, 1980.","10.11961/mater0203.MGI.20171221.ds.0001","尹海清","摘录","邓正华","2018-01-08",,,,,"4h","847℃","16h","760℃","Waspaloy",,,,,,,"1150℃","1093℃",,,
"ObjectId(""5b4da06fe6b1a815d464fae4"")","1.34","0.001","0.035wt.%","1.3","19.2",,,"3.95",,"balance",,"3.01",,"0.06",,,"26.5637%",,,,,"4h","1010℃","24h","1190℃","",,,"20℃",,,,,"Maurer G E, Jackman L A, Domingue J A. ROLE OF COBALT IN WASPALOY[J]. Superalloys, 1980.","10.11961/mater0203.MGI.20171221.ds.0001","尹海清","摘录","邓正华","2018-01-08",,,,,"4h","847℃","16h","760℃","Waspaloy",,,,,,,"1150℃","1093℃",,,
"ObjectId(""5b4da078e6b1a815d464fae6"")","1.37","0.001","0.028wt.%","0.01","19.5",,,"3.9",,"balance",,"3.02",,"0.06",,,"21.4136%",,,,,"4h","1010℃","24h","1190℃","",,,"538℃",,,,,"Maurer G E, Jackman L A, Domingue J A. ROLE OF COBALT IN WASPALOY[J]. Superalloys, 1980.","10.11961/mater0203.MGI.20171221.ds.0001","尹海清","摘录","邓正华","2018-01-08",,,,,"4h","847℃","16h","760℃","Waspaloy",,,,,,,"1150℃","1093℃",,,
"ObjectId(""5b4da09be6b1a815d464faf4"")","1.34","0.001","0.035wt.%","1.3","19.2",,,"3.95",,"balance",,"3.01",,"0.06",,,"25.202%",,,,,"4h","1010℃","24h","1190℃","",,,"538℃",,,,,"Maurer G E, Jackman L A, Domingue J A. ROLE OF COBALT IN WASPALOY[J]. Superalloys, 1980.","10.11961/mater0203.MGI.20171221.ds.0001","尹海清","摘录","邓正华","2018-01-08",,,,,"4h","847℃","16h","760℃","Waspaloy",,,,,,,"1150℃","1093℃",,,
"ObjectId(""5b4da0aae6b1a815d464fafa"")","1.37","0.001","0.028wt.%","0.01","19.5",,,"3.9",,"balance",,"3.02",,"0.06",,,"25.2623%",,,,,"4h","1010℃","24h","1190℃","",,,"538℃",,,,,"Maurer G E, Jackman L A, Domingue J A. ROLE OF COBALT IN WASPALOY[J]. Superalloys, 1980.","10.11961/mater0203.MGI.20171221.ds.0001","尹海清","摘录","邓正华","2018-01-08",,,,,"4h","847℃","16h","760℃","Waspaloy",,,,,,,"1150℃","1093℃",,,
"ObjectId(""5b4da0b4e6b1a815d464fafe"")","1.34","0.001","0.035wt.%","1.3","19.2",,,"3.95",,"balance",,"3.01",,"0.06",,,"23.6891%",,,,,"4h","1010℃","24h","1190℃","",,,"538℃",,,,,"Maurer G E, Jackman L A, Domingue J A. ROLE OF COBALT IN WASPALOY[J]. Superalloys, 1980.","10.11961/mater0203.MGI.20171221.ds.0001","尹海清","摘录","邓正华","2018-01-08",,,,,"4h","847℃","16h","760℃","Waspaloy",,,,,,,"1150℃","1093℃",,,
"ObjectId(""5b4deed0e6b1a80d7cf47130"")","4",,,,"8","25 (wt.%)",,"3","1.5","Bal.",,"4",,,"1115MPa","1195MPa","7.0%",,"未报道",,,,,,,"","H2","10MPa","300K",,,,,"Development of a Hydrogen Resistant Superalloy for Single Crystal Blade Application in Rocket Engine Turbopumps, Superalloys, 1996: 53-60.","","尹海清","摘录","张聪","2017-04-07",,,,,,,,,"THYMONEL 8",,,,,,,,,,,
"ObjectId(""5b4deed5e6b1a80d7cf47132"")","4",,,,"8","25 (wt.%)",,"3","1.5","Bal.",,"4",,,"1239MPa","1293MPa","4.7%","未报道",,,,,,,,"","H2","10MPa","300K",,,,,"Development of a Hydrogen Resistant Superalloy for Single Crystal Blade Application in Rocket Engine Turbopumps, Superalloys, 1996: 53-60.","","尹海清","摘录","张聪","2017-04-07",,,,,,,,,"THYMONEL 8",,,,,,,,,,,
"ObjectId(""5b4deedae6b1a80d7cf47134"")","4",,,,"8","25 (wt.%)",,"3","1.5","Bal.",,"4",,,"1211MPa","1271MPa","5.1%","未报道",,,,,,,,"","空气",,"300K",,,,,"Development of a Hydrogen Resistant Superalloy for Single Crystal Blade Application in Rocket Engine Turbopumps, Superalloys, 1996: 53-60.","","尹海清","摘录","张聪","2017-04-07",,,,,,,,,"THYMONEL 8",,,,,,,,,,,
"ObjectId(""5b4deee3e6b1a80d7cf47138"")","4",,,,"8","25 (wt.%)",,"3","1.5","Bal.",,"4",,,"1072MPa","1156MPa","8.0%",,"未报道",,,,,,,"","空气",,"300K",,,,,"Development of a Hydrogen Resistant Superalloy for Single Crystal Blade Application in Rocket Engine Turbopumps, Superalloys, 1996: 53-60.","","尹海清","摘录","张聪","2017-04-07",,,,,,,,,"THYMONEL 8",,,,,,,,,,,
"ObjectId(""5b4def06e6b1a80d7cf47146"")","4",,,,"8","25 (wt.%)",,"3","1.5","Bal.",,"4",,,"1090MPa","1135MPa","8.0%",,"未报道",,,,,,,"","H2","10MPa","300K",,,,,"Development of a Hydrogen Resistant Superalloy for Single Crystal Blade Application in Rocket Engine Turbopumps, Superalloys, 1996: 53-60.","","尹海清","摘录","张聪","2017-04-07",,,,,,,,,"THYMONEL 8",,,,,,,,,,,
"ObjectId(""5b4def0be6b1a80d7cf47148"")","4",,,,"8","25 (wt.%)",,"3","1.5","Bal.",,"4",,,"1182MPa","1249MPa","5.4%","未报道",,,,,,,,"","H2","10MPa","300K",,,,,"Development of a Hydrogen Resistant Superalloy for Single Crystal Blade Application in Rocket Engine Turbopumps, Superalloys, 1996: 53-60.","","尹海清","摘录","张聪","2017-04-07",,,,,,,,,"THYMONEL 8",,,,,,,,,,,
"ObjectId(""5b4def32e6b1a80d7cf47156"")","4",,,,"8","25 (wt.%)",,"3","1.5","Bal.",,"4",,,"1250MPa","1320MPa","5.4%","未报道",,,,,,,,"","空气",,"300K",,,,,"Development of a Hydrogen Resistant Superalloy for Single Crystal Blade Application in Rocket Engine Turbopumps, Superalloys, 1996: 53-60.","","尹海清","摘录","张聪","2017-04-07",,,,,,,,,"THYMONEL 8",,,,,,,,,,,
